Date,Year,Month,Price_USD,Commodity
1946-01-01,1946,1,21.23,Brent Oil
1946-02-01,1946,2,21.35,Brent Oil
1946-03-01,1946,3,21.11,Brent Oil
1946-04-01,1946,4,22.79,Brent Oil
1946-05-01,1946,5,22.67,Brent Oil
1946-06-01,1946,6,22.43,Brent Oil
1946-07-01,1946,7,21.18,Brent Oil
1946-08-01,1946,8,24.85,Brent Oil
1946-09-01,1946,9,24.6,Brent Oil
1946-10-01,1946,10,24.13,Brent Oil
1946-11-01,1946,11,23.56,Brent Oil
1946-12-01,1946,12,24.88,Brent Oil
1947-01-01,1947,1,24.88,Brent Oil
1947-02-01,1947,2,24.88,Brent Oil
1947-03-01,1947,3,24.43,Brent Oil
1947-04-01,1947,4,28.2,Brent Oil
1947-05-01,1947,5,28.2,Brent Oil
1947-06-01,1947,6,28.07,Brent Oil
1947-07-01,1947,7,27.82,Brent Oil
1947-08-01,1947,8,27.44,Brent Oil
1947-09-01,1947,9,26.85,Brent Oil
1947-10-01,1947,10,26.85,Brent Oil
1947-11-01,1947,11,29.59,Brent Oil
1947-12-01,1947,12,29.21,Brent Oil
1948-01-01,1948,1,35.81,Brent Oil
1948-02-01,1948,2,36.11,Brent Oil
1948-03-01,1948,3,36.27,Brent Oil
1948-04-01,1948,4,35.66,Brent Oil
1948-05-01,1948,5,35.51,Brent Oil
1948-06-01,1948,6,35.21,Brent Oil
1948-07-01,1948,7,34.78,Brent Oil
1948-08-01,1948,8,34.64,Brent Oil
1948-09-01,1948,9,34.64,Brent Oil
1948-10-01,1948,10,34.78,Brent Oil
1948-11-01,1948,11,35.07,Brent Oil
1948-12-01,1948,12,35.21,Brent Oil
1949-01-01,1949,1,35.36,Brent Oil
1949-02-01,1949,2,35.66,Brent Oil
1949-03-01,1949,3,35.66,Brent Oil
1949-04-01,1949,4,35.51,Brent Oil
1949-05-01,1949,5,35.66,Brent Oil
1949-06-01,1949,6,35.51,Brent Oil
1949-07-01,1949,7,35.81,Brent Oil
1949-08-01,1949,8,35.66,Brent Oil
1949-09-01,1949,9,35.51,Brent Oil
1949-10-01,1949,10,35.81,Brent Oil
1949-11-01,1949,11,35.66,Brent Oil
1949-12-01,1949,12,35.96,Brent Oil
1950-01-01,1950,1,36.11,Brent Oil
1950-02-01,1950,2,36.11,Brent Oil
1950-03-01,1950,3,35.96,Brent Oil
1950-04-01,1950,4,35.96,Brent Oil
1950-05-01,1950,5,35.81,Brent Oil
1950-06-01,1950,6,35.66,Brent Oil
1950-07-01,1950,7,35.21,Brent Oil
1950-08-01,1950,8,34.92,Brent Oil
1950-09-01,1950,9,34.78,Brent Oil
1950-10-01,1950,10,34.5,Brent Oil
1950-11-01,1950,11,34.36,Brent Oil
1950-12-01,1950,12,33.95,Brent Oil
1951-01-01,1951,1,33.41,Brent Oil
1951-02-01,1951,2,33.02,Brent Oil
1951-03-01,1951,3,32.89,Brent Oil
1951-04-01,1951,4,32.89,Brent Oil
1951-05-01,1951,5,32.77,Brent Oil
1951-06-01,1951,6,32.77,Brent Oil
1951-07-01,1951,7,32.77,Brent Oil
1951-08-01,1951,8,32.77,Brent Oil
1951-09-01,1951,9,32.52,Brent Oil
1951-10-01,1951,10,32.39,Brent Oil
1951-11-01,1951,11,32.15,Brent Oil
1951-12-01,1951,12,32.02,Brent Oil
1952-01-01,1952,1,32.02,Brent Oil
1952-02-01,1952,2,32.27,Brent Oil
1952-03-01,1952,3,32.27,Brent Oil
1952-04-01,1952,4,32.15,Brent Oil
1952-05-01,1952,5,32.15,Brent Oil
1952-06-01,1952,6,32.02,Brent Oil
1952-07-01,1952,7,31.78,Brent Oil
1952-08-01,1952,8,31.78,Brent Oil
1952-09-01,1952,9,31.78,Brent Oil
1952-10-01,1952,10,31.78,Brent Oil
1952-11-01,1952,11,31.78,Brent Oil
1952-12-01,1952,12,31.78,Brent Oil
1953-01-01,1953,1,31.9,Brent Oil
1953-02-01,1953,2,32.02,Brent Oil
1953-03-01,1953,3,31.9,Brent Oil
1953-04-01,1953,4,31.9,Brent Oil
1953-05-01,1953,5,31.78,Brent Oil
1953-06-01,1953,6,34.75,Brent Oil
1953-07-01,1953,7,34.75,Brent Oil
1953-08-01,1953,8,34.62,Brent Oil
1953-09-01,1953,9,34.62,Brent Oil
1953-10-01,1953,10,34.49,Brent Oil
1953-11-01,1953,11,34.62,Brent Oil
1953-12-01,1953,12,34.62,Brent Oil
1954-01-01,1954,1,34.62,Brent Oil
1954-02-01,1954,2,34.62,Brent Oil
1954-03-01,1954,3,34.62,Brent Oil
1954-04-01,1954,4,34.75,Brent Oil
1954-05-01,1954,5,34.62,Brent Oil
1954-06-01,1954,6,34.62,Brent Oil
1954-07-01,1954,7,34.62,Brent Oil
1954-08-01,1954,8,34.62,Brent Oil
1954-09-01,1954,9,34.75,Brent Oil
1954-10-01,1954,10,34.75,Brent Oil
1954-11-01,1954,11,34.75,Brent Oil
1954-12-01,1954,12,34.88,Brent Oil
1955-01-01,1955,1,34.88,Brent Oil
1955-02-01,1955,2,34.88,Brent Oil
1955-03-01,1955,3,34.88,Brent Oil
1955-04-01,1955,4,34.88,Brent Oil
1955-05-01,1955,5,34.88,Brent Oil
1955-06-01,1955,6,34.88,Brent Oil
1955-07-01,1955,7,34.75,Brent Oil
1955-08-01,1955,8,34.75,Brent Oil
1955-09-01,1955,9,34.62,Brent Oil
1955-10-01,1955,10,34.62,Brent Oil
1955-11-01,1955,11,34.62,Brent Oil
1955-12-01,1955,12,34.75,Brent Oil
1956-01-01,1956,1,34.75,Brent Oil
1956-02-01,1956,2,34.75,Brent Oil
1956-03-01,1956,3,34.75,Brent Oil
1956-04-01,1956,4,34.62,Brent Oil
1956-05-01,1956,5,34.49,Brent Oil
1956-06-01,1956,6,34.24,Brent Oil
1956-07-01,1956,7,33.99,Brent Oil
1956-08-01,1956,8,34.11,Brent Oil
1956-09-01,1956,9,33.99,Brent Oil
1956-10-01,1956,10,33.86,Brent Oil
1956-11-01,1956,11,33.86,Brent Oil
1956-12-01,1956,12,33.74,Brent Oil
1957-01-01,1957,1,33.74,Brent Oil
1957-02-01,1957,2,36.6,Brent Oil
1957-03-01,1957,3,36.47,Brent Oil
1957-04-01,1957,4,36.34,Brent Oil
1957-05-01,1957,5,36.21,Brent Oil
1957-06-01,1957,6,36.08,Brent Oil
1957-07-01,1957,7,35.82,Brent Oil
1957-08-01,1957,8,35.82,Brent Oil
1957-09-01,1957,9,35.82,Brent Oil
1957-10-01,1957,10,35.82,Brent Oil
1957-11-01,1957,11,35.7,Brent Oil
1957-12-01,1957,12,34.88,Brent Oil
1958-01-01,1958,1,35.45,Brent Oil
1958-02-01,1958,2,35.45,Brent Oil
1958-03-01,1958,3,35.2,Brent Oil
1958-04-01,1958,4,35.08,Brent Oil
1958-05-01,1958,5,35.08,Brent Oil
1958-06-01,1958,6,35.08,Brent Oil
1958-07-01,1958,7,34.96,Brent Oil
1958-08-01,1958,8,35.08,Brent Oil
1958-09-01,1958,9,35.08,Brent Oil
1958-10-01,1958,10,35.08,Brent Oil
1958-11-01,1958,11,34.16,Brent Oil
1958-12-01,1958,12,34.28,Brent Oil
1959-01-01,1959,1,34.16,Brent Oil
1959-02-01,1959,2,34.28,Brent Oil
1959-03-01,1959,3,33.94,Brent Oil
1959-04-01,1959,4,33.82,Brent Oil
1959-05-01,1959,5,33.82,Brent Oil
1959-06-01,1959,6,33.7,Brent Oil
1959-07-01,1959,7,33.59,Brent Oil
1959-08-01,1959,8,33.59,Brent Oil
1959-09-01,1959,9,33.47,Brent Oil
1959-10-01,1959,10,33.36,Brent Oil
1959-11-01,1959,11,33.36,Brent Oil
1959-12-01,1959,12,33.36,Brent Oil
1960-01-01,1960,1,33.47,Brent Oil
1960-02-01,1960,2,33.36,Brent Oil
1960-03-01,1960,3,33.36,Brent Oil
1960-04-01,1960,4,33.25,Brent Oil
1960-05-01,1960,5,33.25,Brent Oil
1960-06-01,1960,6,33.13,Brent Oil
1960-07-01,1960,7,33.13,Brent Oil
1960-08-01,1960,8,33.13,Brent Oil
1960-09-01,1960,9,33.13,Brent Oil
1960-10-01,1960,10,32.91,Brent Oil
1960-11-01,1960,11,32.91,Brent Oil
1960-12-01,1960,12,32.91,Brent Oil
1961-01-01,1961,1,32.91,Brent Oil
1961-02-01,1961,2,32.91,Brent Oil
1961-03-01,1961,3,32.91,Brent Oil
1961-04-01,1961,4,32.91,Brent Oil
1961-05-01,1961,5,32.91,Brent Oil
1961-06-01,1961,6,32.91,Brent Oil
1961-07-01,1961,7,32.69,Brent Oil
1961-08-01,1961,8,32.8,Brent Oil
1961-09-01,1961,9,32.69,Brent Oil
1961-10-01,1961,10,32.69,Brent Oil
1961-11-01,1961,11,32.69,Brent Oil
1961-12-01,1961,12,32.69,Brent Oil
1962-01-01,1962,1,32.69,Brent Oil
1962-02-01,1962,2,32.58,Brent Oil
1962-03-01,1962,3,32.58,Brent Oil
1962-04-01,1962,4,32.47,Brent Oil
1962-05-01,1962,5,32.47,Brent Oil
1962-06-01,1962,6,32.47,Brent Oil
1962-07-01,1962,7,32.37,Brent Oil
1962-08-01,1962,8,32.37,Brent Oil
1962-09-01,1962,9,32.26,Brent Oil
1962-10-01,1962,10,32.26,Brent Oil
1962-11-01,1962,11,32.26,Brent Oil
1962-12-01,1962,12,32.26,Brent Oil
1963-01-01,1963,1,32.26,Brent Oil
1963-02-01,1963,2,32.26,Brent Oil
1963-03-01,1963,3,32.16,Brent Oil
1963-04-01,1963,4,32.16,Brent Oil
1963-05-01,1963,5,32.16,Brent Oil
1963-06-01,1963,6,32.05,Brent Oil
1963-07-01,1963,7,31.95,Brent Oil
1963-08-01,1963,8,31.95,Brent Oil
1963-09-01,1963,9,31.95,Brent Oil
1963-10-01,1963,10,31.84,Brent Oil
1963-11-01,1963,11,31.84,Brent Oil
1963-12-01,1963,12,31.74,Brent Oil
1964-01-01,1964,1,31.74,Brent Oil
1964-02-01,1964,2,31.74,Brent Oil
1964-03-01,1964,3,31.74,Brent Oil
1964-04-01,1964,4,31.74,Brent Oil
1964-05-01,1964,5,31.74,Brent Oil
1964-06-01,1964,6,31.64,Brent Oil
1964-07-01,1964,7,31.0,Brent Oil
1964-08-01,1964,8,31.1,Brent Oil
1964-09-01,1964,9,31.0,Brent Oil
1964-10-01,1964,10,31.0,Brent Oil
1964-11-01,1964,11,30.9,Brent Oil
1964-12-01,1964,12,30.9,Brent Oil
1965-01-01,1965,1,30.9,Brent Oil
1965-02-01,1965,2,30.9,Brent Oil
1965-03-01,1965,3,30.81,Brent Oil
1965-04-01,1965,4,30.71,Brent Oil
1965-05-01,1965,5,30.71,Brent Oil
1965-06-01,1965,6,30.51,Brent Oil
1965-07-01,1965,7,30.51,Brent Oil
1965-08-01,1965,8,30.51,Brent Oil
1965-09-01,1965,9,30.51,Brent Oil
1965-10-01,1965,10,30.42,Brent Oil
1965-11-01,1965,11,30.42,Brent Oil
1965-12-01,1965,12,30.32,Brent Oil
1966-01-01,1966,1,30.32,Brent Oil
1966-02-01,1966,2,30.13,Brent Oil
1966-03-01,1966,3,30.04,Brent Oil
1966-04-01,1966,4,29.85,Brent Oil
1966-05-01,1966,5,29.85,Brent Oil
1966-06-01,1966,6,29.76,Brent Oil
1966-07-01,1966,7,29.67,Brent Oil
1966-08-01,1966,8,29.49,Brent Oil
1966-09-01,1966,9,29.99,Brent Oil
1966-10-01,1966,10,29.81,Brent Oil
1966-11-01,1966,11,29.81,Brent Oil
1966-12-01,1966,12,29.81,Brent Oil
1967-01-01,1967,1,29.81,Brent Oil
1967-02-01,1967,2,30.11,Brent Oil
1967-03-01,1967,3,30.02,Brent Oil
1967-04-01,1967,4,29.93,Brent Oil
1967-05-01,1967,5,29.84,Brent Oil
1967-06-01,1967,6,29.75,Brent Oil
1967-07-01,1967,7,29.66,Brent Oil
1967-08-01,1967,8,30.26,Brent Oil
1967-09-01,1967,9,30.17,Brent Oil
1967-10-01,1967,10,30.08,Brent Oil
1967-11-01,1967,11,29.99,Brent Oil
1967-12-01,1967,12,29.9,Brent Oil
1968-01-01,1968,1,29.73,Brent Oil
1968-02-01,1968,2,29.64,Brent Oil
1968-03-01,1968,3,29.56,Brent Oil
1968-04-01,1968,4,29.47,Brent Oil
1968-05-01,1968,5,29.38,Brent Oil
1968-06-01,1968,6,29.21,Brent Oil
1968-07-01,1968,7,29.05,Brent Oil
1968-08-01,1968,8,28.96,Brent Oil
1968-09-01,1968,9,28.88,Brent Oil
1968-10-01,1968,10,28.72,Brent Oil
1968-11-01,1968,11,28.64,Brent Oil
1968-12-01,1968,12,28.56,Brent Oil
1969-01-01,1969,1,28.48,Brent Oil
1969-02-01,1969,2,28.32,Brent Oil
1969-03-01,1969,3,29.73,Brent Oil
1969-04-01,1969,4,30.47,Brent Oil
1969-05-01,1969,5,30.39,Brent Oil
1969-06-01,1969,6,30.22,Brent Oil
1969-07-01,1969,7,30.06,Brent Oil
1969-08-01,1969,8,29.9,Brent Oil
1969-09-01,1969,9,29.82,Brent Oil
1969-10-01,1969,10,29.66,Brent Oil
1969-11-01,1969,11,29.5,Brent Oil
1969-12-01,1969,12,29.34,Brent Oil
1970-01-01,1970,1,29.26,Brent Oil
1970-02-01,1970,2,29.11,Brent Oil
1970-03-01,1970,3,28.96,Brent Oil
1970-04-01,1970,4,28.73,Brent Oil
1970-05-01,1970,5,28.66,Brent Oil
1970-06-01,1970,6,28.51,Brent Oil
1970-07-01,1970,7,28.03,Brent Oil
1970-08-01,1970,8,28.03,Brent Oil
1970-09-01,1970,9,27.88,Brent Oil
1970-10-01,1970,10,27.74,Brent Oil
1970-11-01,1970,11,27.6,Brent Oil
1970-12-01,1970,12,29.54,Brent Oil
1971-01-01,1971,1,29.54,Brent Oil
1971-02-01,1971,2,29.46,Brent Oil
1971-03-01,1971,3,29.39,Brent Oil
1971-04-01,1971,4,29.32,Brent Oil
1971-05-01,1971,5,29.17,Brent Oil
1971-06-01,1971,6,28.95,Brent Oil
1971-07-01,1971,7,28.88,Brent Oil
1971-08-01,1971,8,28.81,Brent Oil
1971-09-01,1971,9,28.81,Brent Oil
1971-10-01,1971,10,28.74,Brent Oil
1971-11-01,1971,11,28.74,Brent Oil
1971-12-01,1971,12,28.6,Brent Oil
1972-01-01,1972,1,28.6,Brent Oil
1972-02-01,1972,2,28.46,Brent Oil
1972-03-01,1972,3,28.4,Brent Oil
1972-04-01,1972,4,28.33,Brent Oil
1972-05-01,1972,5,28.26,Brent Oil
1972-06-01,1972,6,28.19,Brent Oil
1972-07-01,1972,7,28.06,Brent Oil
1972-08-01,1972,8,27.99,Brent Oil
1972-09-01,1972,9,27.92,Brent Oil
1972-10-01,1972,10,27.79,Brent Oil
1972-11-01,1972,11,27.73,Brent Oil
1972-12-01,1972,12,27.66,Brent Oil
1973-01-01,1973,1,27.6,Brent Oil
1973-02-01,1973,2,27.4,Brent Oil
1973-03-01,1973,3,27.15,Brent Oil
1973-04-01,1973,4,26.96,Brent Oil
1973-05-01,1973,5,26.78,Brent Oil
1973-06-01,1973,6,26.6,Brent Oil
1973-07-01,1973,7,26.54,Brent Oil
1973-08-01,1973,8,31.56,Brent Oil
1973-09-01,1973,9,31.49,Brent Oil
1973-10-01,1973,10,31.21,Brent Oil
1973-11-01,1973,11,31.01,Brent Oil
1973-12-01,1973,12,30.81,Brent Oil
1974-01-01,1974,1,71.64,Brent Oil
1974-02-01,1974,2,70.73,Brent Oil
1974-03-01,1974,3,69.84,Brent Oil
1974-04-01,1974,4,69.55,Brent Oil
1974-05-01,1974,5,68.69,Brent Oil
1974-06-01,1974,6,68.13,Brent Oil
1974-07-01,1974,7,67.58,Brent Oil
1974-08-01,1974,8,66.77,Brent Oil
1974-09-01,1974,9,65.98,Brent Oil
1974-10-01,1974,10,72.12,Brent Oil
1974-11-01,1974,11,71.56,Brent Oil
1974-12-01,1974,12,71.01,Brent Oil
1975-01-01,1975,1,70.73,Brent Oil
1975-02-01,1975,2,70.19,Brent Oil
1975-03-01,1975,3,69.93,Brent Oil
1975-04-01,1975,4,69.66,Brent Oil
1975-05-01,1975,5,69.27,Brent Oil
1975-06-01,1975,6,68.75,Brent Oil
1975-07-01,1975,7,67.99,Brent Oil
1975-08-01,1975,8,67.87,Brent Oil
1975-09-01,1975,9,67.49,Brent Oil
1975-10-01,1975,10,67.13,Brent Oil
1975-11-01,1975,11,66.64,Brent Oil
1975-12-01,1975,12,66.4,Brent Oil
1976-01-01,1976,1,66.28,Brent Oil
1976-02-01,1976,2,71.19,Brent Oil
1976-03-01,1976,3,71.48,Brent Oil
1976-04-01,1976,4,71.63,Brent Oil
1976-05-01,1976,5,71.13,Brent Oil
1976-06-01,1976,6,70.75,Brent Oil
1976-07-01,1976,7,70.38,Brent Oil
1976-08-01,1976,8,70.01,Brent Oil
1976-09-01,1976,9,79.69,Brent Oil
1976-10-01,1976,10,79.27,Brent Oil
1976-11-01,1976,11,79.14,Brent Oil
1976-12-01,1976,12,78.87,Brent Oil
1977-01-01,1977,1,78.46,Brent Oil
1977-02-01,1977,2,77.66,Brent Oil
1977-03-01,1977,3,77.14,Brent Oil
1977-04-01,1977,4,76.5,Brent Oil
1977-05-01,1977,5,76.12,Brent Oil
1977-06-01,1977,6,75.62,Brent Oil
1977-07-01,1977,7,75.25,Brent Oil
1977-08-01,1977,8,80.13,Brent Oil
1977-09-01,1977,9,79.86,Brent Oil
1977-10-01,1977,10,79.6,Brent Oil
1977-11-01,1977,11,79.22,Brent Oil
1977-12-01,1977,12,78.96,Brent Oil
1978-01-01,1978,1,78.46,Brent Oil
1978-02-01,1978,2,77.96,Brent Oil
1978-03-01,1978,3,77.34,Brent Oil
1978-04-01,1978,4,76.74,Brent Oil
1978-05-01,1978,5,76.03,Brent Oil
1978-06-01,1978,6,75.21,Brent Oil
1978-07-01,1978,7,74.64,Brent Oil
1978-08-01,1978,8,74.3,Brent Oil
1978-09-01,1978,9,73.74,Brent Oil
1978-10-01,1978,10,73.08,Brent Oil
1978-11-01,1978,11,72.75,Brent Oil
1978-12-01,1978,12,72.43,Brent Oil
1979-01-01,1979,1,71.8,Brent Oil
1979-02-01,1979,2,75.74,Brent Oil
1979-03-01,1979,3,74.98,Brent Oil
1979-04-01,1979,4,74.13,Brent Oil
1979-05-01,1979,5,83.59,Brent Oil
1979-06-01,1979,6,87.23,Brent Oil
1979-07-01,1979,7,98.25,Brent Oil
1979-08-01,1979,8,118.57,Brent Oil
1979-09-01,1979,9,126.15,Brent Oil
1979-10-01,1979,10,127.34,Brent Oil
1979-11-01,1979,11,134.87,Brent Oil
1979-12-01,1979,12,139.92,Brent Oil
1980-01-01,1980,1,137.94,Brent Oil
1980-02-01,1980,2,154.85,Brent Oil
1980-03-01,1980,3,156.66,Brent Oil
1980-04-01,1980,4,161.03,Brent Oil
1980-05-01,1980,5,159.45,Brent Oil
1980-06-01,1980,6,157.72,Brent Oil
1980-07-01,1980,7,157.72,Brent Oil
1980-08-01,1980,8,150.64,Brent Oil
1980-09-01,1980,9,141.52,Brent Oil
1980-10-01,1980,10,140.18,Brent Oil
1980-11-01,1980,11,139.04,Brent Oil
1980-12-01,1980,12,141.57,Brent Oil
1981-01-01,1981,1,144.23,Brent Oil
1981-02-01,1981,2,142.75,Brent Oil
1981-03-01,1981,3,141.79,Brent Oil
1981-04-01,1981,4,140.83,Brent Oil
1981-05-01,1981,5,139.73,Brent Oil
1981-06-01,1981,6,131.21,Brent Oil
1981-07-01,1981,7,129.78,Brent Oil
1981-08-01,1981,8,128.79,Brent Oil
1981-09-01,1981,9,127.55,Brent Oil
1981-10-01,1981,10,123.74,Brent Oil
1981-11-01,1981,11,126.87,Brent Oil
1981-12-01,1981,12,122.95,Brent Oil
1982-01-01,1982,1,118.53,Brent Oil
1982-02-01,1982,2,110.16,Brent Oil
1982-03-01,1982,3,99.52,Brent Oil
1982-04-01,1982,4,116.39,Brent Oil
1982-05-01,1982,5,123.85,Brent Oil
1982-06-01,1982,6,119.39,Brent Oil
1982-07-01,1982,7,115.69,Brent Oil
1982-08-01,1982,8,114.75,Brent Oil
1982-09-01,1982,9,120.18,Brent Oil
1982-10-01,1982,10,119.98,Brent Oil
1982-11-01,1982,11,115.07,Brent Oil
1982-12-01,1982,12,107.32,Brent Oil
1983-01-01,1983,1,105.31,Brent Oil
1983-02-01,1983,2,97.65,Brent Oil
1983-03-01,1983,3,98.79,Brent Oil
1983-04-01,1983,4,102.58,Brent Oil
1983-05-01,1983,5,100.69,Brent Oil
1983-06-01,1983,6,104.14,Brent Oil
1983-07-01,1983,7,105.77,Brent Oil
1983-08-01,1983,8,104.11,Brent Oil
1983-09-01,1983,9,99.56,Brent Oil
1983-10-01,1983,10,99.29,Brent Oil
1983-11-01,1983,11,95.38,Brent Oil
1983-12-01,1983,12,96.49,Brent Oil
1984-01-01,1984,1,97.15,Brent Oil
1984-02-01,1984,2,98.52,Brent Oil
1984-03-01,1984,3,99.29,Brent Oil
1984-04-01,1984,4,96.92,Brent Oil
1984-05-01,1984,5,98.46,Brent Oil
1984-06-01,1984,6,94.73,Brent Oil
1984-07-01,1984,7,87.55,Brent Oil
1984-08-01,1984,8,92.36,Brent Oil
1984-09-01,1984,9,93.28,Brent Oil
1984-10-01,1984,10,89.25,Brent Oil
1984-11-01,1984,11,85.64,Brent Oil
1984-12-01,1984,12,82.82,Brent Oil
1985-01-01,1985,1,82.66,Brent Oil
1985-02-01,1985,2,83.27,Brent Oil
1985-03-01,1985,3,87.8,Brent Oil
1985-04-01,1985,4,85.35,Brent Oil
1985-05-01,1985,5,85.68,Brent Oil
1985-06-01,1985,6,82.46,Brent Oil
1985-07-01,1985,7,83.07,Brent Oil
1985-08-01,1985,8,85.86,Brent Oil
1985-09-01,1985,9,88.67,Brent Oil
1985-10-01,1985,10,92.29,Brent Oil
1985-11-01,1985,11,90.13,Brent Oil
1985-12-01,1985,12,79.46,Brent Oil
1986-01-01,1986,1,57.09,Brent Oil
1986-02-01,1986,2,39.97,Brent Oil
1986-03-01,1986,3,31.11,Brent Oil
1986-04-01,1986,4,40.68,Brent Oil
1986-05-01,1986,5,43.36,Brent Oil
1986-06-01,1986,6,38.6,Brent Oil
1986-07-01,1986,7,33.87,Brent Oil
1986-08-01,1986,8,47.95,Brent Oil
1986-09-01,1986,9,44.05,Brent Oil
1986-10-01,1986,10,45.66,Brent Oil
1986-11-01,1986,11,44.87,Brent Oil
1986-12-01,1986,12,53.58,Brent Oil
1987-01-01,1987,1,55.62,Brent Oil
1987-02-01,1987,2,48.67,Brent Oil
1987-03-01,1987,3,55.44,Brent Oil
1987-04-01,1987,4,54.97,Brent Oil
1987-05-01,1987,5,56.52,Brent Oil
1987-06-01,1987,6,58.83,Brent Oil
1987-07-01,1987,7,62.18,Brent Oil
1987-08-01,1987,8,57.04,Brent Oil
1987-09-01,1987,9,56.34,Brent Oil
1987-10-01,1987,10,57.16,Brent Oil
1987-11-01,1987,11,52.99,Brent Oil
1987-12-01,1987,12,47.9,Brent Oil
1988-01-01,1988,1,48.43,Brent Oil
1988-02-01,1988,2,45.49,Brent Oil
1988-03-01,1988,3,48.44,Brent Oil
1988-04-01,1988,4,51.04,Brent Oil
1988-05-01,1988,5,49.29,Brent Oil
1988-06-01,1988,6,42.54,Brent Oil
1988-07-01,1988,7,45.62,Brent Oil
1988-08-01,1988,8,42.15,Brent Oil
1988-09-01,1988,9,36.74,Brent Oil
1988-10-01,1988,10,37.2,Brent Oil
1988-11-01,1988,11,42.33,Brent Oil
1988-12-01,1988,12,46.91,Brent Oil
1989-01-01,1989,1,46.36,Brent Oil
1989-02-01,1989,2,49.45,Brent Oil
1989-03-01,1989,3,54.73,Brent Oil
1989-04-01,1989,4,54.67,Brent Oil
1989-05-01,1989,5,53.16,Brent Oil
1989-06-01,1989,6,53.99,Brent Oil
1989-07-01,1989,7,48.66,Brent Oil
1989-08-01,1989,8,49.9,Brent Oil
1989-09-01,1989,9,53.23,Brent Oil
1989-10-01,1989,10,52.27,Brent Oil
1989-11-01,1989,11,52.12,Brent Oil
1989-12-01,1989,12,57.19,Brent Oil
1990-01-01,1990,1,58.81,Brent Oil
1990-02-01,1990,2,55.59,Brent Oil
1990-03-01,1990,3,52.19,Brent Oil
1990-04-01,1990,4,47.39,Brent Oil
1990-05-01,1990,5,44.65,Brent Oil
1990-06-01,1990,6,43.34,Brent Oil
1990-07-01,1990,7,52.09,Brent Oil
1990-08-01,1990,8,68.88,Brent Oil
1990-09-01,1990,9,98.37,Brent Oil
1990-10-01,1990,10,87.34,Brent Oil
1990-11-01,1990,11,71.77,Brent Oil
1990-12-01,1990,12,70.29,Brent Oil
1991-01-01,1991,1,53.73,Brent Oil
1991-02-01,1991,2,47.23,Brent Oil
1991-03-01,1991,3,48.02,Brent Oil
1991-04-01,1991,4,51.27,Brent Oil
1991-05-01,1991,5,51.53,Brent Oil
1991-06-01,1991,6,49.92,Brent Oil
1991-07-01,1991,7,52.61,Brent Oil
1991-08-01,1991,8,53.86,Brent Oil
1991-09-01,1991,9,53.55,Brent Oil
1991-10-01,1991,10,55.97,Brent Oil
1991-11-01,1991,11,51.47,Brent Oil
1991-12-01,1991,12,45.86,Brent Oil
1992-01-01,1992,1,45.26,Brent Oil
1992-02-01,1992,2,44.53,Brent Oil
1992-03-01,1992,3,46.2,Brent Oil
1992-04-01,1992,4,49.43,Brent Oil
1992-05-01,1992,5,52.31,Brent Oil
1992-06-01,1992,6,51.44,Brent Oil
1992-07-01,1992,7,51.31,Brent Oil
1992-08-01,1992,8,50.29,Brent Oil
1992-09-01,1992,9,51.02,Brent Oil
1992-10-01,1992,10,48.16,Brent Oil
1992-11-01,1992,11,46.3,Brent Oil
1992-12-01,1992,12,45.35,Brent Oil
1993-01-01,1993,1,46.94,Brent Oil
1993-02-01,1993,2,47.37,Brent Oil
1993-03-01,1993,3,47.0,Brent Oil
1993-04-01,1993,4,47.1,Brent Oil
1993-05-01,1993,5,45.89,Brent Oil
1993-06-01,1993,6,43.04,Brent Oil
1993-07-01,1993,7,41.03,Brent Oil
1993-08-01,1993,8,41.6,Brent Oil
1993-09-01,1993,9,42.6,Brent Oil
1993-10-01,1993,10,38.46,Brent Oil
1993-11-01,1993,11,34.79,Brent Oil
1993-12-01,1993,12,32.14,Brent Oil
1994-01-01,1994,1,34.42,Brent Oil
1994-02-01,1994,2,32.64,Brent Oil
1994-03-01,1994,3,33.16,Brent Oil
1994-04-01,1994,4,37.91,Brent Oil
1994-05-01,1994,5,40.97,Brent Oil
1994-06-01,1994,6,43.22,Brent Oil
1994-07-01,1994,7,45.17,Brent Oil
1994-08-01,1994,8,39.01,Brent Oil
1994-09-01,1994,9,40.58,Brent Oil
1994-10-01,1994,10,40.11,Brent Oil
1994-11-01,1994,11,39.84,Brent Oil
1994-12-01,1994,12,39.2,Brent Oil
1995-01-01,1995,1,40.6,Brent Oil
1995-02-01,1995,2,40.53,Brent Oil
1995-03-01,1995,3,41.83,Brent Oil
1995-04-01,1995,4,44.26,Brent Oil
1995-05-01,1995,5,40.96,Brent Oil
1995-06-01,1995,6,37.63,Brent Oil
1995-07-01,1995,7,38.15,Brent Oil
1995-08-01,1995,8,38.64,Brent Oil
1995-09-01,1995,9,37.81,Brent Oil
1995-10-01,1995,10,37.96,Brent Oil
1995-11-01,1995,11,39.28,Brent Oil
1995-12-01,1995,12,42.03,Brent Oil
1996-01-01,1996,1,37.98,Brent Oil
1996-02-01,1996,2,41.76,Brent Oil
1996-03-01,1996,3,45.45,Brent Oil
1996-04-01,1996,4,44.26,Brent Oil
1996-05-01,1996,5,41.69,Brent Oil
1996-06-01,1996,6,44.08,Brent Oil
1996-07-01,1996,7,43.03,Brent Oil
1996-08-01,1996,8,46.71,Brent Oil
1996-09-01,1996,9,50.64,Brent Oil
1996-10-01,1996,10,48.5,Brent Oil
1996-11-01,1996,11,49.34,Brent Oil
1996-12-01,1996,12,53.93,Brent Oil
1997-01-01,1997,1,50.12,Brent Oil
1997-02-01,1997,2,42.0,Brent Oil
1997-03-01,1997,3,42.0,Brent Oil
1997-04-01,1997,4,41.64,Brent Oil
1997-05-01,1997,5,43.31,Brent Oil
1997-06-01,1997,6,40.83,Brent Oil
1997-07-01,1997,7,41.54,Brent Oil
1997-08-01,1997,8,40.37,Brent Oil
1997-09-01,1997,9,43.28,Brent Oil
1997-10-01,1997,10,43.12,Brent Oil
1997-11-01,1997,11,39.11,Brent Oil
1997-12-01,1997,12,36.13,Brent Oil
1998-01-01,1998,1,35.17,Brent Oil
1998-02-01,1998,2,31.49,Brent Oil
1998-03-01,1998,3,32.06,Brent Oil
1998-04-01,1998,4,31.62,Brent Oil
1998-05-01,1998,5,30.85,Brent Oil
1998-06-01,1998,6,28.97,Brent Oil
1998-07-01,1998,7,28.87,Brent Oil
1998-08-01,1998,8,26.86,Brent Oil
1998-09-01,1998,9,32.68,Brent Oil
1998-10-01,1998,10,29.16,Brent Oil
1998-11-01,1998,11,22.89,Brent Oil
1998-12-01,1998,12,24.46,Brent Oil
1999-01-01,1999,1,25.75,Brent Oil
1999-02-01,1999,2,24.71,Brent Oil
1999-03-01,1999,3,33.34,Brent Oil
1999-04-01,1999,4,37.13,Brent Oil
1999-05-01,1999,5,33.48,Brent Oil
1999-06-01,1999,6,38.41,Brent Oil
1999-07-01,1999,7,40.65,Brent Oil
1999-08-01,1999,8,43.77,Brent Oil
1999-09-01,1999,9,48.26,Brent Oil
1999-10-01,1999,10,42.78,Brent Oil
1999-11-01,1999,11,48.8,Brent Oil
1999-12-01,1999,12,50.54,Brent Oil
2000-01-01,2000,1,54.09,Brent Oil
2000-02-01,2000,2,59.45,Brent Oil
2000-03-01,2000,3,51.81,Brent Oil
2000-04-01,2000,4,49.56,Brent Oil
2000-05-01,2000,5,55.9,Brent Oil
2000-06-01,2000,6,62.14,Brent Oil
2000-07-01,2000,7,52.55,Brent Oil
2000-08-01,2000,8,63.23,Brent Oil
2000-09-01,2000,9,58.69,Brent Oil
2000-10-01,2000,10,62.06,Brent Oil
2000-11-01,2000,11,63.75,Brent Oil
2000-12-01,2000,12,50.71,Brent Oil
2001-01-01,2001,1,53.97,Brent Oil
2001-02-01,2001,2,51.37,Brent Oil
2001-03-01,2001,3,49.42,Brent Oil
2001-04-01,2001,4,53.16,Brent Oil
2001-05-01,2001,5,52.76,Brent Oil
2001-06-01,2001,6,48.92,Brent Oil
2001-07-01,2001,7,49.67,Brent Oil
2001-08-01,2001,8,49.58,Brent Oil
2001-09-01,2001,9,43.41,Brent Oil
2001-10-01,2001,10,39.4,Brent Oil
2001-11-01,2001,11,36.22,Brent Oil
2001-12-01,2001,12,37.3,Brent Oil
2002-01-01,2002,1,36.75,Brent Oil
2002-02-01,2002,2,40.45,Brent Oil
2002-03-01,2002,3,48.41,Brent Oil
2002-04-01,2002,4,50.17,Brent Oil
2002-05-01,2002,5,46.59,Brent Oil
2002-06-01,2002,6,49.17,Brent Oil
2002-07-01,2002,7,49.54,Brent Oil
2002-08-01,2002,8,52.94,Brent Oil
2002-09-01,2002,9,55.81,Brent Oil
2002-10-01,2002,10,49.5,Brent Oil
2002-11-01,2002,11,48.94,Brent Oil
2002-12-01,2002,12,56.97,Brent Oil
2003-01-01,2003,1,60.9,Brent Oil
2003-02-01,2003,2,66.3,Brent Oil
2003-03-01,2003,3,55.82,Brent Oil
2003-04-01,2003,4,46.87,Brent Oil
2003-05-01,2003,5,53.19,Brent Oil
2003-06-01,2003,6,54.2,Brent Oil
2003-07-01,2003,7,54.87,Brent Oil
2003-08-01,2003,8,56.81,Brent Oil
2003-09-01,2003,9,52.05,Brent Oil
2003-10-01,2003,10,52.19,Brent Oil
2003-11-01,2003,11,54.28,Brent Oil
2003-12-01,2003,12,58.25,Brent Oil
2004-01-01,2004,1,59.12,Brent Oil
2004-02-01,2004,2,63.99,Brent Oil
2004-03-01,2004,3,62.99,Brent Oil
2004-04-01,2004,4,65.53,Brent Oil
2004-05-01,2004,5,69.67,Brent Oil
2004-06-01,2004,6,64.27,Brent Oil
2004-07-01,2004,7,76.22,Brent Oil
2004-08-01,2004,8,73.59,Brent Oil
2004-09-01,2004,9,86.18,Brent Oil
2004-10-01,2004,10,89.57,Brent Oil
2004-11-01,2004,11,84.99,Brent Oil
2004-12-01,2004,12,75.24,Brent Oil
2005-01-01,2005,1,83.55,Brent Oil
2005-02-01,2005,2,89.1,Brent Oil
2005-03-01,2005,3,94.49,Brent Oil
2005-04-01,2005,4,83.49,Brent Oil
2005-05-01,2005,5,88.46,Brent Oil
2005-06-01,2005,6,96.14,Brent Oil
2005-07-01,2005,7,102.6,Brent Oil
2005-08-01,2005,8,115.39,Brent Oil
2005-09-01,2005,9,109.98,Brent Oil
2005-10-01,2005,10,99.13,Brent Oil
2005-11-01,2005,11,95.81,Brent Oil
2005-12-01,2005,12,102.45,Brent Oil
2006-01-01,2006,1,113.0,Brent Oil
2006-02-01,2006,2,101.99,Brent Oil
2006-03-01,2006,3,109.49,Brent Oil
2006-04-01,2006,4,117.66,Brent Oil
2006-05-01,2006,5,116.46,Brent Oil
2006-06-01,2006,6,120.33,Brent Oil
2006-07-01,2006,7,120.99,Brent Oil
2006-08-01,2006,8,113.98,Brent Oil
2006-09-01,2006,9,102.37,Brent Oil
2006-10-01,2006,10,96.09,Brent Oil
2006-11-01,2006,11,103.19,Brent Oil
2006-12-01,2006,12,99.57,Brent Oil
2007-01-01,2007,1,94.9,Brent Oil
2007-02-01,2007,2,100.25,Brent Oil
2007-03-01,2007,3,106.03,Brent Oil
2007-04-01,2007,4,105.09,Brent Oil
2007-05-01,2007,5,101.66,Brent Oil
2007-06-01,2007,6,111.69,Brent Oil
2007-07-01,2007,7,123.97,Brent Oil
2007-08-01,2007,8,117.49,Brent Oil
2007-09-01,2007,9,129.3,Brent Oil
2007-10-01,2007,10,148.82,Brent Oil
2007-11-01,2007,11,139.2,Brent Oil
2007-12-01,2007,12,150.85,Brent Oil
2008-01-01,2008,1,143.41,Brent Oil
2008-02-01,2008,2,158.76,Brent Oil
2008-03-01,2008,3,157.03,Brent Oil
2008-04-01,2008,4,174.77,Brent Oil
2008-05-01,2008,5,194.12,Brent Oil
2008-06-01,2008,6,211.21,Brent Oil
2008-07-01,2008,7,186.41,Brent Oil
2008-08-01,2008,8,174.16,Brent Oil
2008-09-01,2008,9,151.99,Brent Oil
2008-10-01,2008,10,103.83,Brent Oil
2008-11-01,2008,11,85.82,Brent Oil
2008-12-01,2008,12,70.05,Brent Oil
2009-01-01,2009,1,65.26,Brent Oil
2009-02-01,2009,2,68.71,Brent Oil
2009-03-01,2009,3,77.06,Brent Oil
2009-04-01,2009,4,77.97,Brent Oil
2009-05-01,2009,5,102.39,Brent Oil
2009-06-01,2009,6,106.89,Brent Oil
2009-07-01,2009,7,106.2,Brent Oil
2009-08-01,2009,8,107.05,Brent Oil
2009-09-01,2009,9,107.73,Brent Oil
2009-10-01,2009,10,117.68,Brent Oil
2009-11-01,2009,11,117.83,Brent Oil
2009-12-01,2009,12,121.4,Brent Oil
2010-01-01,2010,1,111.02,Brent Oil
2010-02-01,2010,2,121.46,Brent Oil
2010-03-01,2010,3,126.62,Brent Oil
2010-04-01,2010,4,130.37,Brent Oil
2010-05-01,2010,5,112.0,Brent Oil
2010-06-01,2010,6,114.52,Brent Oil
2010-07-01,2010,7,119.43,Brent Oil
2010-08-01,2010,8,108.8,Brent Oil
2010-09-01,2010,9,120.86,Brent Oil
2010-10-01,2010,10,122.97,Brent Oil
2010-11-01,2010,11,126.95,Brent Oil
2010-12-01,2010,12,137.67,Brent Oil
2011-01-01,2011,1,136.43,Brent Oil
2011-02-01,2011,2,144.88,Brent Oil
2011-03-01,2011,3,156.91,Brent Oil
2011-04-01,2011,4,166.48,Brent Oil
2011-05-01,2011,5,150.08,Brent Oil
2011-06-01,2011,6,139.42,Brent Oil
2011-07-01,2011,7,139.85,Brent Oil
2011-08-01,2011,8,129.45,Brent Oil
2011-09-01,2011,9,114.87,Brent Oil
2011-10-01,2011,10,135.91,Brent Oil
2011-11-01,2011,11,146.49,Brent Oil
2011-12-01,2011,12,144.61,Brent Oil
2012-01-01,2012,1,143.44,Brent Oil
2012-02-01,2012,2,155.31,Brent Oil
2012-03-01,2012,3,148.31,Brent Oil
2012-04-01,2012,4,150.54,Brent Oil
2012-05-01,2012,5,124.32,Brent Oil
2012-06-01,2012,6,122.37,Brent Oil
2012-07-01,2012,7,126.95,Brent Oil
2012-08-01,2012,8,138.27,Brent Oil
2012-09-01,2012,9,131.54,Brent Oil
2012-10-01,2012,10,123.1,Brent Oil
2012-11-01,2012,11,127.0,Brent Oil
2012-12-01,2012,12,132.07,Brent Oil
2013-01-01,2013,1,140.03,Brent Oil
2013-02-01,2013,2,130.9,Brent Oil
2013-03-01,2013,3,137.95,Brent Oil
2013-04-01,2013,4,132.38,Brent Oil
2013-05-01,2013,5,130.32,Brent Oil
2013-06-01,2013,6,136.27,Brent Oil
2013-07-01,2013,7,148.57,Brent Oil
2013-08-01,2013,8,152.46,Brent Oil
2013-09-01,2013,9,144.36,Brent Oil
2013-10-01,2013,10,136.15,Brent Oil
2013-11-01,2013,11,131.13,Brent Oil
2013-12-01,2013,12,139.1,Brent Oil
2014-01-01,2014,1,137.71,Brent Oil
2014-02-01,2014,2,144.7,Brent Oil
2014-03-01,2014,3,141.94,Brent Oil
2014-04-01,2014,4,139.39,Brent Oil
2014-05-01,2014,5,143.52,Brent Oil
2014-06-01,2014,6,146.95,Brent Oil
2014-07-01,2014,7,136.15,Brent Oil
2014-08-01,2014,8,135.86,Brent Oil
2014-09-01,2014,9,126.48,Brent Oil
2014-10-01,2014,10,112.0,Brent Oil
2014-11-01,2014,11,92.2,Brent Oil
2014-12-01,2014,12,75.17,Brent Oil
2015-01-01,2015,1,67.52,Brent Oil
2015-02-01,2015,2,70.12,Brent Oil
2015-03-01,2015,3,66.74,Brent Oil
2015-04-01,2015,4,83.21,Brent Oil
2015-05-01,2015,5,83.66,Brent Oil
2015-06-01,2015,6,82.3,Brent Oil
2015-07-01,2015,7,65.18,Brent Oil
2015-08-01,2015,8,68.17,Brent Oil
2015-09-01,2015,9,62.53,Brent Oil
2015-10-01,2015,10,64.7,Brent Oil
2015-11-01,2015,11,56.25,Brent Oil
2015-12-01,2015,12,51.84,Brent Oil
2016-01-01,2016,1,46.92,Brent Oil
2016-02-01,2016,2,45.6,Brent Oil
2016-03-01,2016,3,51.22,Brent Oil
2016-04-01,2016,4,63.46,Brent Oil
2016-05-01,2016,5,67.49,Brent Oil
2016-06-01,2016,6,66.13,Brent Oil
2016-07-01,2016,7,57.01,Brent Oil
2016-08-01,2016,8,61.26,Brent Oil
2016-09-01,2016,9,65.27,Brent Oil
2016-10-01,2016,10,63.97,Brent Oil
2016-11-01,2016,11,67.6,Brent Oil
2016-12-01,2016,12,73.52,Brent Oil
2017-01-01,2017,1,71.73,Brent Oil
2017-02-01,2017,2,73.2,Brent Oil
2017-03-01,2017,3,68.45,Brent Oil
2017-04-01,2017,4,66.59,Brent Oil
2017-05-01,2017,5,65.16,Brent Oil
2017-06-01,2017,6,62.04,Brent Oil
2017-07-01,2017,7,67.73,Brent Oil
2017-08-01,2017,8,63.56,Brent Oil
2017-09-01,2017,9,69.13,Brent Oil
2017-10-01,2017,10,72.77,Brent Oil
2017-11-01,2017,11,76.84,Brent Oil
2017-12-01,2017,12,80.98,Brent Oil
2018-01-01,2018,1,86.35,Brent Oil
2018-02-01,2018,2,81.47,Brent Oil
2018-03-01,2018,3,85.84,Brent Oil
2018-04-01,2018,4,90.36,Brent Oil
2018-05-01,2018,5,87.91,Brent Oil
2018-06-01,2018,6,97.14,Brent Oil
2018-07-01,2018,7,91.57,Brent Oil
2018-08-01,2018,8,91.46,Brent Oil
2018-09-01,2018,9,95.7,Brent Oil
2018-10-01,2018,10,85.28,Brent Oil
2018-11-01,2018,11,66.53,Brent Oil
2018-12-01,2018,12,59.34,Brent Oil
2019-01-01,2019,1,70.63,Brent Oil
2019-02-01,2019,2,74.74,Brent Oil
2019-03-01,2019,3,78.19,Brent Oil
2019-04-01,2019,4,82.48,Brent Oil
2019-05-01,2019,5,68.97,Brent Oil
2019-06-01,2019,6,75.03,Brent Oil
2019-07-01,2019,7,75.33,Brent Oil
2019-08-01,2019,8,70.88,Brent Oil
2019-09-01,2019,9,69.56,Brent Oil
2019-10-01,2019,10,69.32,Brent Oil
2019-11-01,2019,11,74.62,Brent Oil
2019-12-01,2019,12,78.57,Brent Oil
2020-01-01,2020,1,66.02,Brent Oil
2020-02-01,2020,2,57.23,Brent Oil
2020-03-01,2020,3,26.24,Brent Oil
2020-04-01,2020,4,24.77,Brent Oil
2020-05-01,2020,5,45.81,Brent Oil
2020-06-01,2020,6,50.3,Brent Oil
2020-07-01,2020,7,51.11,Brent Oil
2020-08-01,2020,8,54.13,Brent Oil
2020-09-01,2020,9,50.81,Brent Oil
2020-10-01,2020,10,45.2,Brent Oil
2020-11-01,2020,11,57.36,Brent Oil
2020-12-01,2020,12,61.3,Brent Oil
2021-01-01,2021,1,65.85,Brent Oil
2021-02-01,2021,2,77.28,Brent Oil
2021-03-01,2021,3,73.79,Brent Oil
2021-04-01,2021,4,78.52,Brent Oil
2021-05-01,2021,5,81.34,Brent Oil
2021-06-01,2021,6,89.35,Brent Oil
2021-07-01,2021,7,89.42,Brent Oil
2021-08-01,2021,8,82.6,Brent Oil
2021-09-01,2021,9,90.55,Brent Oil
2021-10-01,2021,10,99.69,Brent Oil
2021-11-01,2021,11,78.58,Brent Oil
2021-12-01,2021,12,89.22,Brent Oil
2022-01-01,2022,1,104.72,Brent Oil
2022-02-01,2022,2,111.88,Brent Oil
2022-03-01,2022,3,115.46,Brent Oil
2022-04-01,2022,4,119.46,Brent Oil
2022-05-01,2022,5,129.22,Brent Oil
2022-06-01,2022,6,120.09,Brent Oil
2022-07-01,2022,7,112.91,Brent Oil
2022-08-01,2022,8,100.44,Brent Oil
2022-09-01,2022,9,88.9,Brent Oil
2022-10-01,2022,10,95.89,Brent Oil
2022-11-01,2022,11,89.27,Brent Oil
2022-12-01,2022,12,89.19,Brent Oil
2023-01-01,2023,1,87.14,Brent Oil
2023-02-01,2023,2,84.39,Brent Oil
2023-03-01,2023,3,82.8,Brent Oil
2023-04-01,2023,4,83.58,Brent Oil
2023-05-01,2023,5,73.95,Brent Oil
2023-06-01,2023,6,76.47,Brent Oil
2023-07-01,2023,7,88.36,Brent Oil
2023-08-01,2023,8,89.86,Brent Oil
2023-09-01,2023,9,97.38,Brent Oil
2023-10-01,2023,10,87.62,Brent Oil
2023-11-01,2023,11,81.37,Brent Oil
2023-12-01,2023,12,77.39,Brent Oil
2024-01-01,2024,1,81.67,Brent Oil
2024-02-01,2024,2,84.3,Brent Oil
2024-03-01,2024,3,88.77,Brent Oil
2024-04-01,2024,4,87.93,Brent Oil
2024-05-01,2024,5,81.98,Brent Oil
2024-06-01,2024,6,85.7,Brent Oil
2024-07-01,2024,7,79.02,Brent Oil
2024-08-01,2024,8,77.15,Brent Oil
2024-09-01,2024,9,71.39,Brent Oil
2024-10-01,2024,10,73.87,Brent Oil
2024-11-01,2024,11,71.17,Brent Oil
2024-12-01,2024,12,75.04,Brent Oil
2025-01-01,2025,1,75.39,Brent Oil
2025-02-01,2025,2,72.58,Brent Oil
2025-03-01,2025,3,71.63,Brent Oil
2025-04-01,2025,4,60.06,Brent Oil
2025-05-01,2025,5,62.44,Brent Oil
2025-06-01,2025,6,66.33,Brent Oil
2025-07-01,2025,7,71.87,Brent Oil
2025-08-01,2025,8,65.45,Brent Oil
2025-09-01,2025,9,64.22,Brent Oil
2025-10-01,2025,10,63.12,Brent Oil
2025-11-01,2025,11,59.68,Brent Oil
2025-12-01,2025,12,58.35,Brent Oil
2026-01-01,2026,1,65.48,Brent Oil
2026-02-01,2026,2,67.66,Brent Oil
2026-03-01,2026,3,102.86,Brent Oil
1915-01-01,1915,1,19.25,Gold
1915-02-01,1915,2,19.25,Gold
1915-03-01,1915,3,19.25,Gold
1915-04-01,1915,4,19.25,Gold
1915-05-01,1915,5,19.25,Gold
1915-06-01,1915,6,19.25,Gold
1915-07-01,1915,7,19.25,Gold
1915-08-01,1915,8,19.25,Gold
1915-09-01,1915,9,19.25,Gold
1915-10-01,1915,10,19.25,Gold
1915-11-01,1915,11,19.25,Gold
1915-12-01,1915,12,19.25,Gold
1916-01-01,1916,1,19.47,Gold
1916-02-01,1916,2,19.47,Gold
1916-03-01,1916,3,19.47,Gold
1916-04-01,1916,4,19.47,Gold
1916-05-01,1916,5,19.47,Gold
1916-06-01,1916,6,19.47,Gold
1916-07-01,1916,7,19.47,Gold
1916-08-01,1916,8,19.47,Gold
1916-09-01,1916,9,19.47,Gold
1916-10-01,1916,10,19.47,Gold
1916-11-01,1916,11,19.47,Gold
1916-12-01,1916,12,19.47,Gold
1917-01-01,1917,1,19.66,Gold
1917-02-01,1917,2,19.66,Gold
1917-03-01,1917,3,19.66,Gold
1917-04-01,1917,4,19.66,Gold
1917-05-01,1917,5,19.66,Gold
1917-06-01,1917,6,19.66,Gold
1917-07-01,1917,7,19.66,Gold
1917-08-01,1917,8,19.66,Gold
1917-09-01,1917,9,19.66,Gold
1917-10-01,1917,10,19.66,Gold
1917-11-01,1917,11,19.66,Gold
1917-12-01,1917,12,19.66,Gold
1918-01-01,1918,1,19.84,Gold
1918-02-01,1918,2,19.84,Gold
1918-03-01,1918,3,19.84,Gold
1918-04-01,1918,4,19.84,Gold
1918-05-01,1918,5,19.84,Gold
1918-06-01,1918,6,19.84,Gold
1918-07-01,1918,7,19.84,Gold
1918-08-01,1918,8,19.84,Gold
1918-09-01,1918,9,19.84,Gold
1918-10-01,1918,10,19.84,Gold
1918-11-01,1918,11,19.84,Gold
1918-12-01,1918,12,19.84,Gold
1919-01-01,1919,1,20.03,Gold
1919-02-01,1919,2,20.03,Gold
1919-03-01,1919,3,20.03,Gold
1919-04-01,1919,4,20.03,Gold
1919-05-01,1919,5,20.03,Gold
1919-06-01,1919,6,20.03,Gold
1919-07-01,1919,7,20.03,Gold
1919-08-01,1919,8,20.03,Gold
1919-09-01,1919,9,20.03,Gold
1919-10-01,1919,10,20.03,Gold
1919-11-01,1919,11,20.03,Gold
1919-12-01,1919,12,20.03,Gold
1920-01-01,1920,1,20.63,Gold
1920-02-01,1920,2,20.63,Gold
1920-03-01,1920,3,20.63,Gold
1920-04-01,1920,4,20.63,Gold
1920-05-01,1920,5,20.63,Gold
1920-06-01,1920,6,20.63,Gold
1920-07-01,1920,7,20.63,Gold
1920-08-01,1920,8,20.63,Gold
1920-09-01,1920,9,20.63,Gold
1920-10-01,1920,10,20.63,Gold
1920-11-01,1920,11,20.63,Gold
1920-12-01,1920,12,20.63,Gold
1921-01-01,1921,1,20.69,Gold
1921-02-01,1921,2,20.69,Gold
1921-03-01,1921,3,20.69,Gold
1921-04-01,1921,4,20.69,Gold
1921-05-01,1921,5,20.69,Gold
1921-06-01,1921,6,20.69,Gold
1921-07-01,1921,7,20.69,Gold
1921-08-01,1921,8,20.69,Gold
1921-09-01,1921,9,20.69,Gold
1921-10-01,1921,10,20.69,Gold
1921-11-01,1921,11,20.69,Gold
1921-12-01,1921,12,20.69,Gold
1922-01-01,1922,1,20.84,Gold
1922-02-01,1922,2,20.84,Gold
1922-03-01,1922,3,20.84,Gold
1922-04-01,1922,4,20.84,Gold
1922-05-01,1922,5,20.84,Gold
1922-06-01,1922,6,20.84,Gold
1922-07-01,1922,7,20.84,Gold
1922-08-01,1922,8,20.84,Gold
1922-09-01,1922,9,20.84,Gold
1922-10-01,1922,10,20.84,Gold
1922-11-01,1922,11,20.84,Gold
1922-12-01,1922,12,20.84,Gold
1923-01-01,1923,1,20.75,Gold
1923-02-01,1923,2,20.75,Gold
1923-03-01,1923,3,20.75,Gold
1923-04-01,1923,4,20.75,Gold
1923-05-01,1923,5,20.75,Gold
1923-06-01,1923,6,20.75,Gold
1923-07-01,1923,7,20.75,Gold
1923-08-01,1923,8,20.75,Gold
1923-09-01,1923,9,20.75,Gold
1923-10-01,1923,10,20.75,Gold
1923-11-01,1923,11,20.75,Gold
1923-12-01,1923,12,20.75,Gold
1924-01-01,1924,1,20.78,Gold
1924-02-01,1924,2,20.78,Gold
1924-03-01,1924,3,20.78,Gold
1924-04-01,1924,4,20.78,Gold
1924-05-01,1924,5,20.78,Gold
1924-06-01,1924,6,20.78,Gold
1924-07-01,1924,7,20.78,Gold
1924-08-01,1924,8,20.78,Gold
1924-09-01,1924,9,20.78,Gold
1924-10-01,1924,10,20.78,Gold
1924-11-01,1924,11,20.78,Gold
1924-12-01,1924,12,20.78,Gold
1925-01-01,1925,1,20.75,Gold
1925-02-01,1925,2,20.75,Gold
1925-03-01,1925,3,20.75,Gold
1925-04-01,1925,4,20.75,Gold
1925-05-01,1925,5,20.75,Gold
1925-06-01,1925,6,20.75,Gold
1925-07-01,1925,7,20.75,Gold
1925-08-01,1925,8,20.75,Gold
1925-09-01,1925,9,20.75,Gold
1925-10-01,1925,10,20.75,Gold
1925-11-01,1925,11,20.75,Gold
1925-12-01,1925,12,20.75,Gold
1926-01-01,1926,1,20.72,Gold
1926-02-01,1926,2,20.72,Gold
1926-03-01,1926,3,20.72,Gold
1926-04-01,1926,4,20.72,Gold
1926-05-01,1926,5,20.72,Gold
1926-06-01,1926,6,20.72,Gold
1926-07-01,1926,7,20.72,Gold
1926-08-01,1926,8,20.72,Gold
1926-09-01,1926,9,20.72,Gold
1926-10-01,1926,10,20.72,Gold
1926-11-01,1926,11,20.72,Gold
1926-12-01,1926,12,20.72,Gold
1927-01-01,1927,1,20.75,Gold
1927-02-01,1927,2,20.75,Gold
1927-03-01,1927,3,20.75,Gold
1927-04-01,1927,4,20.75,Gold
1927-05-01,1927,5,20.75,Gold
1927-06-01,1927,6,20.75,Gold
1927-07-01,1927,7,20.75,Gold
1927-08-01,1927,8,20.75,Gold
1927-09-01,1927,9,20.75,Gold
1927-10-01,1927,10,20.75,Gold
1927-11-01,1927,11,20.75,Gold
1927-12-01,1927,12,20.75,Gold
1928-01-01,1928,1,20.78,Gold
1928-02-01,1928,2,20.78,Gold
1928-03-01,1928,3,20.78,Gold
1928-04-01,1928,4,20.78,Gold
1928-05-01,1928,5,20.78,Gold
1928-06-01,1928,6,20.78,Gold
1928-07-01,1928,7,20.78,Gold
1928-08-01,1928,8,20.78,Gold
1928-09-01,1928,9,20.78,Gold
1928-10-01,1928,10,20.78,Gold
1928-11-01,1928,11,20.78,Gold
1928-12-01,1928,12,20.78,Gold
1929-01-01,1929,1,20.72,Gold
1929-02-01,1929,2,20.72,Gold
1929-03-01,1929,3,20.72,Gold
1929-04-01,1929,4,20.72,Gold
1929-05-01,1929,5,20.72,Gold
1929-06-01,1929,6,20.72,Gold
1929-07-01,1929,7,20.72,Gold
1929-08-01,1929,8,20.72,Gold
1929-09-01,1929,9,20.72,Gold
1929-10-01,1929,10,20.72,Gold
1929-11-01,1929,11,20.72,Gold
1929-12-01,1929,12,20.72,Gold
1930-01-01,1930,1,20.69,Gold
1930-02-01,1930,2,20.69,Gold
1930-03-01,1930,3,20.69,Gold
1930-04-01,1930,4,20.69,Gold
1930-05-01,1930,5,20.69,Gold
1930-06-01,1930,6,20.69,Gold
1930-07-01,1930,7,20.69,Gold
1930-08-01,1930,8,20.69,Gold
1930-09-01,1930,9,20.69,Gold
1930-10-01,1930,10,20.69,Gold
1930-11-01,1930,11,20.69,Gold
1930-12-01,1930,12,20.69,Gold
1931-01-01,1931,1,22.59,Gold
1931-02-01,1931,2,22.59,Gold
1931-03-01,1931,3,22.59,Gold
1931-04-01,1931,4,22.59,Gold
1931-05-01,1931,5,22.59,Gold
1931-06-01,1931,6,22.59,Gold
1931-07-01,1931,7,22.59,Gold
1931-08-01,1931,8,22.59,Gold
1931-09-01,1931,9,22.59,Gold
1931-10-01,1931,10,22.59,Gold
1931-11-01,1931,11,22.59,Gold
1931-12-01,1931,12,22.59,Gold
1932-01-01,1932,1,20.78,Gold
1932-02-01,1932,2,20.78,Gold
1932-03-01,1932,3,20.78,Gold
1932-04-01,1932,4,20.78,Gold
1932-05-01,1932,5,20.78,Gold
1932-06-01,1932,6,20.78,Gold
1932-07-01,1932,7,20.78,Gold
1932-08-01,1932,8,20.78,Gold
1932-09-01,1932,9,20.78,Gold
1932-10-01,1932,10,20.78,Gold
1932-11-01,1932,11,20.78,Gold
1932-12-01,1932,12,20.78,Gold
1933-01-01,1933,1,26.47,Gold
1933-02-01,1933,2,26.47,Gold
1933-03-01,1933,3,26.47,Gold
1933-04-01,1933,4,26.47,Gold
1933-05-01,1933,5,26.47,Gold
1933-06-01,1933,6,26.47,Gold
1933-07-01,1933,7,26.47,Gold
1933-08-01,1933,8,26.47,Gold
1933-09-01,1933,9,26.47,Gold
1933-10-01,1933,10,26.47,Gold
1933-11-01,1933,11,26.47,Gold
1933-12-01,1933,12,26.47,Gold
1934-01-01,1934,1,35.0,Gold
1934-02-01,1934,2,35.0,Gold
1934-03-01,1934,3,35.0,Gold
1934-04-01,1934,4,35.0,Gold
1934-05-01,1934,5,35.0,Gold
1934-06-01,1934,6,35.0,Gold
1934-07-01,1934,7,35.0,Gold
1934-08-01,1934,8,35.0,Gold
1934-09-01,1934,9,35.0,Gold
1934-10-01,1934,10,35.0,Gold
1934-11-01,1934,11,35.0,Gold
1934-12-01,1934,12,35.0,Gold
1935-01-01,1935,1,35.0,Gold
1935-02-01,1935,2,35.0,Gold
1935-03-01,1935,3,35.0,Gold
1935-04-01,1935,4,35.0,Gold
1935-05-01,1935,5,35.0,Gold
1935-06-01,1935,6,35.0,Gold
1935-07-01,1935,7,35.0,Gold
1935-08-01,1935,8,35.0,Gold
1935-09-01,1935,9,35.0,Gold
1935-10-01,1935,10,35.0,Gold
1935-11-01,1935,11,35.0,Gold
1935-12-01,1935,12,35.0,Gold
1936-01-01,1936,1,35.0,Gold
1936-02-01,1936,2,35.0,Gold
1936-03-01,1936,3,35.0,Gold
1936-04-01,1936,4,35.0,Gold
1936-05-01,1936,5,35.0,Gold
1936-06-01,1936,6,35.0,Gold
1936-07-01,1936,7,35.0,Gold
1936-08-01,1936,8,35.0,Gold
1936-09-01,1936,9,35.0,Gold
1936-10-01,1936,10,35.0,Gold
1936-11-01,1936,11,35.0,Gold
1936-12-01,1936,12,35.0,Gold
1937-01-01,1937,1,35.0,Gold
1937-02-01,1937,2,35.0,Gold
1937-03-01,1937,3,35.0,Gold
1937-04-01,1937,4,35.0,Gold
1937-05-01,1937,5,35.0,Gold
1937-06-01,1937,6,35.0,Gold
1937-07-01,1937,7,35.0,Gold
1937-08-01,1937,8,35.0,Gold
1937-09-01,1937,9,35.0,Gold
1937-10-01,1937,10,35.0,Gold
1937-11-01,1937,11,35.0,Gold
1937-12-01,1937,12,35.0,Gold
1938-01-01,1938,1,35.0,Gold
1938-02-01,1938,2,35.0,Gold
1938-03-01,1938,3,35.0,Gold
1938-04-01,1938,4,35.0,Gold
1938-05-01,1938,5,35.0,Gold
1938-06-01,1938,6,35.0,Gold
1938-07-01,1938,7,35.0,Gold
1938-08-01,1938,8,35.0,Gold
1938-09-01,1938,9,35.0,Gold
1938-10-01,1938,10,35.0,Gold
1938-11-01,1938,11,35.0,Gold
1938-12-01,1938,12,35.0,Gold
1939-01-01,1939,1,34.69,Gold
1939-02-01,1939,2,34.69,Gold
1939-03-01,1939,3,34.69,Gold
1939-04-01,1939,4,34.69,Gold
1939-05-01,1939,5,34.69,Gold
1939-06-01,1939,6,34.69,Gold
1939-07-01,1939,7,34.69,Gold
1939-08-01,1939,8,34.69,Gold
1939-09-01,1939,9,34.69,Gold
1939-10-01,1939,10,34.69,Gold
1939-11-01,1939,11,34.69,Gold
1939-12-01,1939,12,34.69,Gold
1940-01-01,1940,1,34.06,Gold
1940-02-01,1940,2,34.06,Gold
1940-03-01,1940,3,34.06,Gold
1940-04-01,1940,4,34.06,Gold
1940-05-01,1940,5,34.06,Gold
1940-06-01,1940,6,34.06,Gold
1940-07-01,1940,7,34.06,Gold
1940-08-01,1940,8,34.06,Gold
1940-09-01,1940,9,34.06,Gold
1940-10-01,1940,10,34.06,Gold
1940-11-01,1940,11,34.06,Gold
1940-12-01,1940,12,34.06,Gold
1941-01-01,1941,1,34.06,Gold
1941-02-01,1941,2,34.06,Gold
1941-03-01,1941,3,34.06,Gold
1941-04-01,1941,4,34.06,Gold
1941-05-01,1941,5,34.06,Gold
1941-06-01,1941,6,34.06,Gold
1941-07-01,1941,7,34.06,Gold
1941-08-01,1941,8,34.06,Gold
1941-09-01,1941,9,34.06,Gold
1941-10-01,1941,10,34.06,Gold
1941-11-01,1941,11,34.06,Gold
1941-12-01,1941,12,34.06,Gold
1942-01-01,1942,1,34.06,Gold
1942-02-01,1942,2,34.06,Gold
1942-03-01,1942,3,34.06,Gold
1942-04-01,1942,4,34.06,Gold
1942-05-01,1942,5,34.06,Gold
1942-06-01,1942,6,34.06,Gold
1942-07-01,1942,7,34.06,Gold
1942-08-01,1942,8,34.06,Gold
1942-09-01,1942,9,34.06,Gold
1942-10-01,1942,10,34.06,Gold
1942-11-01,1942,11,34.06,Gold
1942-12-01,1942,12,34.06,Gold
1943-01-01,1943,1,34.06,Gold
1943-02-01,1943,2,34.06,Gold
1943-03-01,1943,3,34.06,Gold
1943-04-01,1943,4,34.06,Gold
1943-05-01,1943,5,34.06,Gold
1943-06-01,1943,6,34.06,Gold
1943-07-01,1943,7,34.06,Gold
1943-08-01,1943,8,34.06,Gold
1943-09-01,1943,9,34.06,Gold
1943-10-01,1943,10,34.06,Gold
1943-11-01,1943,11,34.06,Gold
1943-12-01,1943,12,34.06,Gold
1944-01-01,1944,1,34.06,Gold
1944-02-01,1944,2,34.06,Gold
1944-03-01,1944,3,34.06,Gold
1944-04-01,1944,4,34.06,Gold
1944-05-01,1944,5,34.06,Gold
1944-06-01,1944,6,34.06,Gold
1944-07-01,1944,7,34.06,Gold
1944-08-01,1944,8,34.06,Gold
1944-09-01,1944,9,34.06,Gold
1944-10-01,1944,10,34.06,Gold
1944-11-01,1944,11,34.06,Gold
1944-12-01,1944,12,34.06,Gold
1945-01-01,1945,1,35.0,Gold
1945-02-01,1945,2,35.0,Gold
1945-03-01,1945,3,35.0,Gold
1945-04-01,1945,4,35.0,Gold
1945-05-01,1945,5,35.0,Gold
1945-06-01,1945,6,35.0,Gold
1945-07-01,1945,7,35.0,Gold
1945-08-01,1945,8,35.0,Gold
1945-09-01,1945,9,35.0,Gold
1945-10-01,1945,10,35.0,Gold
1945-11-01,1945,11,35.0,Gold
1945-12-01,1945,12,35.0,Gold
1946-01-01,1946,1,35.0,Gold
1946-02-01,1946,2,35.0,Gold
1946-03-01,1946,3,35.0,Gold
1946-04-01,1946,4,35.0,Gold
1946-05-01,1946,5,35.0,Gold
1946-06-01,1946,6,35.0,Gold
1946-07-01,1946,7,35.0,Gold
1946-08-01,1946,8,35.0,Gold
1946-09-01,1946,9,35.0,Gold
1946-10-01,1946,10,35.0,Gold
1946-11-01,1946,11,35.0,Gold
1946-12-01,1946,12,35.0,Gold
1947-01-01,1947,1,35.0,Gold
1947-02-01,1947,2,35.0,Gold
1947-03-01,1947,3,35.0,Gold
1947-04-01,1947,4,35.0,Gold
1947-05-01,1947,5,35.0,Gold
1947-06-01,1947,6,35.0,Gold
1947-07-01,1947,7,35.0,Gold
1947-08-01,1947,8,35.0,Gold
1947-09-01,1947,9,35.0,Gold
1947-10-01,1947,10,35.0,Gold
1947-11-01,1947,11,35.0,Gold
1947-12-01,1947,12,35.0,Gold
1948-01-01,1948,1,35.0,Gold
1948-02-01,1948,2,35.0,Gold
1948-03-01,1948,3,35.0,Gold
1948-04-01,1948,4,35.0,Gold
1948-05-01,1948,5,35.0,Gold
1948-06-01,1948,6,35.0,Gold
1948-07-01,1948,7,35.0,Gold
1948-08-01,1948,8,35.0,Gold
1948-09-01,1948,9,35.0,Gold
1948-10-01,1948,10,35.0,Gold
1948-11-01,1948,11,35.0,Gold
1948-12-01,1948,12,35.0,Gold
1949-01-01,1949,1,31.88,Gold
1949-02-01,1949,2,31.88,Gold
1949-03-01,1949,3,31.88,Gold
1949-04-01,1949,4,31.88,Gold
1949-05-01,1949,5,31.88,Gold
1949-06-01,1949,6,31.88,Gold
1949-07-01,1949,7,31.88,Gold
1949-08-01,1949,8,31.88,Gold
1949-09-01,1949,9,31.88,Gold
1949-10-01,1949,10,31.88,Gold
1949-11-01,1949,11,31.88,Gold
1949-12-01,1949,12,31.88,Gold
1950-01-01,1950,1,35.0,Gold
1950-02-01,1950,2,35.0,Gold
1950-03-01,1950,3,35.0,Gold
1950-04-01,1950,4,35.0,Gold
1950-05-01,1950,5,35.0,Gold
1950-06-01,1950,6,35.0,Gold
1950-07-01,1950,7,35.0,Gold
1950-08-01,1950,8,35.0,Gold
1950-09-01,1950,9,35.0,Gold
1950-10-01,1950,10,35.0,Gold
1950-11-01,1950,11,35.0,Gold
1950-12-01,1950,12,35.0,Gold
1951-01-01,1951,1,35.0,Gold
1951-02-01,1951,2,35.0,Gold
1951-03-01,1951,3,35.0,Gold
1951-04-01,1951,4,35.0,Gold
1951-05-01,1951,5,35.0,Gold
1951-06-01,1951,6,35.0,Gold
1951-07-01,1951,7,35.0,Gold
1951-08-01,1951,8,35.0,Gold
1951-09-01,1951,9,35.0,Gold
1951-10-01,1951,10,35.0,Gold
1951-11-01,1951,11,35.0,Gold
1951-12-01,1951,12,35.0,Gold
1952-01-01,1952,1,34.69,Gold
1952-02-01,1952,2,34.69,Gold
1952-03-01,1952,3,34.69,Gold
1952-04-01,1952,4,34.69,Gold
1952-05-01,1952,5,34.69,Gold
1952-06-01,1952,6,34.69,Gold
1952-07-01,1952,7,34.69,Gold
1952-08-01,1952,8,34.69,Gold
1952-09-01,1952,9,34.69,Gold
1952-10-01,1952,10,34.69,Gold
1952-11-01,1952,11,34.69,Gold
1952-12-01,1952,12,34.69,Gold
1953-01-01,1953,1,35.0,Gold
1953-02-01,1953,2,35.0,Gold
1953-03-01,1953,3,35.0,Gold
1953-04-01,1953,4,35.0,Gold
1953-05-01,1953,5,35.0,Gold
1953-06-01,1953,6,35.0,Gold
1953-07-01,1953,7,35.0,Gold
1953-08-01,1953,8,35.0,Gold
1953-09-01,1953,9,35.0,Gold
1953-10-01,1953,10,35.0,Gold
1953-11-01,1953,11,35.0,Gold
1953-12-01,1953,12,35.0,Gold
1954-01-01,1954,1,35.31,Gold
1954-02-01,1954,2,35.31,Gold
1954-03-01,1954,3,35.31,Gold
1954-04-01,1954,4,35.31,Gold
1954-05-01,1954,5,35.31,Gold
1954-06-01,1954,6,35.31,Gold
1954-07-01,1954,7,35.31,Gold
1954-08-01,1954,8,35.31,Gold
1954-09-01,1954,9,35.31,Gold
1954-10-01,1954,10,35.31,Gold
1954-11-01,1954,11,35.31,Gold
1954-12-01,1954,12,35.31,Gold
1955-01-01,1955,1,35.31,Gold
1955-02-01,1955,2,35.31,Gold
1955-03-01,1955,3,35.31,Gold
1955-04-01,1955,4,35.31,Gold
1955-05-01,1955,5,35.31,Gold
1955-06-01,1955,6,35.31,Gold
1955-07-01,1955,7,35.31,Gold
1955-08-01,1955,8,35.31,Gold
1955-09-01,1955,9,35.31,Gold
1955-10-01,1955,10,35.31,Gold
1955-11-01,1955,11,35.31,Gold
1955-12-01,1955,12,35.31,Gold
1956-01-01,1956,1,35.31,Gold
1956-02-01,1956,2,35.31,Gold
1956-03-01,1956,3,35.31,Gold
1956-04-01,1956,4,35.31,Gold
1956-05-01,1956,5,35.31,Gold
1956-06-01,1956,6,35.31,Gold
1956-07-01,1956,7,35.31,Gold
1956-08-01,1956,8,35.31,Gold
1956-09-01,1956,9,35.31,Gold
1956-10-01,1956,10,35.31,Gold
1956-11-01,1956,11,35.31,Gold
1956-12-01,1956,12,35.31,Gold
1957-01-01,1957,1,35.0,Gold
1957-02-01,1957,2,35.0,Gold
1957-03-01,1957,3,35.0,Gold
1957-04-01,1957,4,35.0,Gold
1957-05-01,1957,5,35.0,Gold
1957-06-01,1957,6,35.0,Gold
1957-07-01,1957,7,35.0,Gold
1957-08-01,1957,8,35.0,Gold
1957-09-01,1957,9,35.0,Gold
1957-10-01,1957,10,35.0,Gold
1957-11-01,1957,11,35.0,Gold
1957-12-01,1957,12,35.0,Gold
1958-01-01,1958,1,35.31,Gold
1958-02-01,1958,2,35.31,Gold
1958-03-01,1958,3,35.31,Gold
1958-04-01,1958,4,35.31,Gold
1958-05-01,1958,5,35.31,Gold
1958-06-01,1958,6,35.31,Gold
1958-07-01,1958,7,35.31,Gold
1958-08-01,1958,8,35.31,Gold
1958-09-01,1958,9,35.31,Gold
1958-10-01,1958,10,35.31,Gold
1958-11-01,1958,11,35.31,Gold
1958-12-01,1958,12,35.31,Gold
1959-01-01,1959,1,35.31,Gold
1959-02-01,1959,2,35.31,Gold
1959-03-01,1959,3,35.31,Gold
1959-04-01,1959,4,35.31,Gold
1959-05-01,1959,5,35.31,Gold
1959-06-01,1959,6,35.31,Gold
1959-07-01,1959,7,35.31,Gold
1959-08-01,1959,8,35.31,Gold
1959-09-01,1959,9,35.31,Gold
1959-10-01,1959,10,35.31,Gold
1959-11-01,1959,11,35.31,Gold
1959-12-01,1959,12,35.31,Gold
1960-01-01,1960,1,35.31,Gold
1960-02-01,1960,2,35.31,Gold
1960-03-01,1960,3,35.31,Gold
1960-04-01,1960,4,35.31,Gold
1960-05-01,1960,5,35.31,Gold
1960-06-01,1960,6,35.31,Gold
1960-07-01,1960,7,35.31,Gold
1960-08-01,1960,8,35.31,Gold
1960-09-01,1960,9,35.31,Gold
1960-10-01,1960,10,35.31,Gold
1960-11-01,1960,11,35.31,Gold
1960-12-01,1960,12,35.31,Gold
1961-01-01,1961,1,35.31,Gold
1961-02-01,1961,2,35.31,Gold
1961-03-01,1961,3,35.31,Gold
1961-04-01,1961,4,35.31,Gold
1961-05-01,1961,5,35.31,Gold
1961-06-01,1961,6,35.31,Gold
1961-07-01,1961,7,35.31,Gold
1961-08-01,1961,8,35.31,Gold
1961-09-01,1961,9,35.31,Gold
1961-10-01,1961,10,35.31,Gold
1961-11-01,1961,11,35.31,Gold
1961-12-01,1961,12,35.31,Gold
1962-01-01,1962,1,35.31,Gold
1962-02-01,1962,2,35.31,Gold
1962-03-01,1962,3,35.31,Gold
1962-04-01,1962,4,35.31,Gold
1962-05-01,1962,5,35.31,Gold
1962-06-01,1962,6,35.31,Gold
1962-07-01,1962,7,35.31,Gold
1962-08-01,1962,8,35.31,Gold
1962-09-01,1962,9,35.31,Gold
1962-10-01,1962,10,35.31,Gold
1962-11-01,1962,11,35.31,Gold
1962-12-01,1962,12,35.31,Gold
1963-01-01,1963,1,35.31,Gold
1963-02-01,1963,2,35.31,Gold
1963-03-01,1963,3,35.31,Gold
1963-04-01,1963,4,35.31,Gold
1963-05-01,1963,5,35.31,Gold
1963-06-01,1963,6,35.31,Gold
1963-07-01,1963,7,35.31,Gold
1963-08-01,1963,8,35.31,Gold
1963-09-01,1963,9,35.31,Gold
1963-10-01,1963,10,35.31,Gold
1963-11-01,1963,11,35.31,Gold
1963-12-01,1963,12,35.31,Gold
1964-01-01,1964,1,35.31,Gold
1964-02-01,1964,2,35.31,Gold
1964-03-01,1964,3,35.31,Gold
1964-04-01,1964,4,35.31,Gold
1964-05-01,1964,5,35.31,Gold
1964-06-01,1964,6,35.31,Gold
1964-07-01,1964,7,35.31,Gold
1964-08-01,1964,8,35.31,Gold
1964-09-01,1964,9,35.31,Gold
1964-10-01,1964,10,35.31,Gold
1964-11-01,1964,11,35.31,Gold
1964-12-01,1964,12,35.31,Gold
1965-01-01,1965,1,35.31,Gold
1965-02-01,1965,2,35.31,Gold
1965-03-01,1965,3,35.31,Gold
1965-04-01,1965,4,35.31,Gold
1965-05-01,1965,5,35.31,Gold
1965-06-01,1965,6,35.31,Gold
1965-07-01,1965,7,35.31,Gold
1965-08-01,1965,8,35.31,Gold
1965-09-01,1965,9,35.31,Gold
1965-10-01,1965,10,35.31,Gold
1965-11-01,1965,11,35.31,Gold
1965-12-01,1965,12,35.31,Gold
1966-01-01,1966,1,35.31,Gold
1966-02-01,1966,2,35.31,Gold
1966-03-01,1966,3,35.31,Gold
1966-04-01,1966,4,35.31,Gold
1966-05-01,1966,5,35.31,Gold
1966-06-01,1966,6,35.31,Gold
1966-07-01,1966,7,35.31,Gold
1966-08-01,1966,8,35.31,Gold
1966-09-01,1966,9,35.31,Gold
1966-10-01,1966,10,35.31,Gold
1966-11-01,1966,11,35.31,Gold
1966-12-01,1966,12,35.31,Gold
1967-01-01,1967,1,35.31,Gold
1967-02-01,1967,2,35.31,Gold
1967-03-01,1967,3,35.31,Gold
1967-04-01,1967,4,35.31,Gold
1967-05-01,1967,5,35.31,Gold
1967-06-01,1967,6,35.31,Gold
1967-07-01,1967,7,35.31,Gold
1967-08-01,1967,8,35.31,Gold
1967-09-01,1967,9,35.31,Gold
1967-10-01,1967,10,35.31,Gold
1967-11-01,1967,11,35.31,Gold
1967-12-01,1967,12,35.31,Gold
1968-01-01,1968,1,40.31,Gold
1968-02-01,1968,2,40.31,Gold
1968-03-01,1968,3,40.31,Gold
1968-04-01,1968,4,39.1,Gold
1968-05-01,1968,5,42.0,Gold
1968-06-01,1968,6,40.95,Gold
1968-07-01,1968,7,38.9,Gold
1968-08-01,1968,8,39.85,Gold
1968-09-01,1968,9,39.7,Gold
1968-10-01,1968,10,39.2,Gold
1968-11-01,1968,11,39.85,Gold
1968-12-01,1968,12,41.95,Gold
1969-01-01,1969,1,42.55,Gold
1969-02-01,1969,2,42.78,Gold
1969-03-01,1969,3,43.1,Gold
1969-04-01,1969,4,43.6,Gold
1969-05-01,1969,5,43.15,Gold
1969-06-01,1969,6,41.23,Gold
1969-07-01,1969,7,41.45,Gold
1969-08-01,1969,8,40.95,Gold
1969-09-01,1969,9,40.65,Gold
1969-10-01,1969,10,39.85,Gold
1969-11-01,1969,11,35.55,Gold
1969-12-01,1969,12,35.21,Gold
1970-01-01,1970,1,34.98,Gold
1970-02-01,1970,2,35.0,Gold
1970-03-01,1970,3,35.3,Gold
1970-04-01,1970,4,35.85,Gold
1970-05-01,1970,5,35.5,Gold
1970-06-01,1970,6,35.51,Gold
1970-07-01,1970,7,35.29,Gold
1970-08-01,1970,8,35.78,Gold
1970-09-01,1970,9,36.24,Gold
1970-10-01,1970,10,37.4,Gold
1970-11-01,1970,11,37.6,Gold
1970-12-01,1970,12,37.38,Gold
1971-01-01,1971,1,38.0,Gold
1971-02-01,1971,2,38.79,Gold
1971-03-01,1971,3,38.8,Gold
1971-04-01,1971,4,39.6,Gold
1971-05-01,1971,5,40.8,Gold
1971-06-01,1971,6,40.2,Gold
1971-07-01,1971,7,42.48,Gold
1971-08-01,1971,8,41.0,Gold
1971-09-01,1971,9,42.48,Gold
1971-10-01,1971,10,42.4,Gold
1971-11-01,1971,11,43.55,Gold
1971-12-01,1971,12,43.5,Gold
1972-01-01,1972,1,46.95,Gold
1972-02-01,1972,2,48.4,Gold
1972-03-01,1972,3,48.38,Gold
1972-04-01,1972,4,49.5,Gold
1972-05-01,1972,5,59.3,Gold
1972-06-01,1972,6,64.1,Gold
1972-07-01,1972,7,68.9,Gold
1972-08-01,1972,8,66.8,Gold
1972-09-01,1972,9,64.1,Gold
1972-10-01,1972,10,64.43,Gold
1972-11-01,1972,11,63.6,Gold
1972-12-01,1972,12,64.7,Gold
1973-01-01,1973,1,66.0,Gold
1973-02-01,1973,2,85.3,Gold
1973-03-01,1973,3,90.25,Gold
1973-04-01,1973,4,90.7,Gold
1973-05-01,1973,5,114.5,Gold
1973-06-01,1973,6,123.5,Gold
1973-07-01,1973,7,115.2,Gold
1973-08-01,1973,8,104.0,Gold
1973-09-01,1973,9,100.25,Gold
1973-10-01,1973,10,97.25,Gold
1973-11-01,1973,11,100.25,Gold
1973-12-01,1973,12,112.25,Gold
1974-01-01,1974,1,133.25,Gold
1974-02-01,1974,2,169.5,Gold
1974-03-01,1974,3,173.0,Gold
1974-04-01,1974,4,168.5,Gold
1974-05-01,1974,5,156.5,Gold
1974-06-01,1974,6,146.75,Gold
1974-07-01,1974,7,154.0,Gold
1974-08-01,1974,8,155.25,Gold
1974-09-01,1974,9,147.5,Gold
1974-10-01,1974,10,166.4,Gold
1974-11-01,1974,11,182.0,Gold
1974-12-01,1974,12,187.5,Gold
1975-01-01,1975,1,176.25,Gold
1975-02-01,1975,2,181.75,Gold
1975-03-01,1975,3,177.75,Gold
1975-04-01,1975,4,167.4,Gold
1975-05-01,1975,5,167.75,Gold
1975-06-01,1975,6,166.0,Gold
1975-07-01,1975,7,166.4,Gold
1975-08-01,1975,8,161.5,Gold
1975-09-01,1975,9,138.25,Gold
1975-10-01,1975,10,143.4,Gold
1975-11-01,1975,11,138.25,Gold
1975-12-01,1975,12,140.25,Gold
1976-01-01,1976,1,128.0,Gold
1976-02-01,1976,2,132.3,Gold
1976-03-01,1976,3,129.5,Gold
1976-04-01,1976,4,128.15,Gold
1976-05-01,1976,5,125.25,Gold
1976-06-01,1976,6,123.8,Gold
1976-07-01,1976,7,112.4,Gold
1976-08-01,1976,8,103.05,Gold
1976-09-01,1976,9,116.1,Gold
1976-10-01,1976,10,122.3,Gold
1976-11-01,1976,11,130.1,Gold
1976-12-01,1976,12,134.55,Gold
1977-01-01,1977,1,132.1,Gold
1977-02-01,1977,2,142.25,Gold
1977-03-01,1977,3,149.8,Gold
1977-04-01,1977,4,146.5,Gold
1977-05-01,1977,5,143.2,Gold
1977-06-01,1977,6,142.95,Gold
1977-07-01,1977,7,144.5,Gold
1977-08-01,1977,8,146.0,Gold
1977-09-01,1977,9,153.9,Gold
1977-10-01,1977,10,160.8,Gold
1977-11-01,1977,11,159.8,Gold
1977-12-01,1977,12,165.6,Gold
1978-01-01,1978,1,175.2,Gold
1978-02-01,1978,2,182.0,Gold
1978-03-01,1978,3,180.75,Gold
1978-04-01,1978,4,170.0,Gold
1978-05-01,1978,5,184.9,Gold
1978-06-01,1978,6,183.2,Gold
1978-07-01,1978,7,198.9,Gold
1978-08-01,1978,8,207.3,Gold
1978-09-01,1978,9,217.45,Gold
1978-10-01,1978,10,243.65,Gold
1978-11-01,1978,11,193.7,Gold
1978-12-01,1978,12,224.5,Gold
1979-01-01,1979,1,233.05,Gold
1979-02-01,1979,2,250.9,Gold
1979-03-01,1979,3,239.65,Gold
1979-04-01,1979,4,243.45,Gold
1979-05-01,1979,5,277.15,Gold
1979-06-01,1979,6,276.45,Gold
1979-07-01,1979,7,295.35,Gold
1979-08-01,1979,8,317.75,Gold
1979-09-01,1979,9,397.0,Gold
1979-10-01,1979,10,379.75,Gold
1979-11-01,1979,11,417.2,Gold
1979-12-01,1979,12,524.0,Gold
1980-01-01,1980,1,668.0,Gold
1980-02-01,1980,2,640.0,Gold
1980-03-01,1980,3,503.25,Gold
1980-04-01,1980,4,519.25,Gold
1980-05-01,1980,5,531.4,Gold
1980-06-01,1980,6,662.5,Gold
1980-07-01,1980,7,618.0,Gold
1980-08-01,1980,8,633.75,Gold
1980-09-01,1980,9,670.0,Gold
1980-10-01,1980,10,636.0,Gold
1980-11-01,1980,11,621.5,Gold
1980-12-01,1980,12,589.5,Gold
1981-01-01,1981,1,507.5,Gold
1981-02-01,1981,2,490.25,Gold
1981-03-01,1981,3,514.25,Gold
1981-04-01,1981,4,481.0,Gold
1981-05-01,1981,5,478.75,Gold
1981-06-01,1981,6,421.5,Gold
1981-07-01,1981,7,405.25,Gold
1981-08-01,1981,8,425.5,Gold
1981-09-01,1981,9,426.5,Gold
1981-10-01,1981,10,429.0,Gold
1981-11-01,1981,11,415.5,Gold
1981-12-01,1981,12,400.0,Gold
1982-01-01,1982,1,388.25,Gold
1982-02-01,1982,2,363.25,Gold
1982-03-01,1982,3,320.5,Gold
1982-04-01,1982,4,356.75,Gold
1982-05-01,1982,5,325.5,Gold
1982-06-01,1982,6,314.0,Gold
1982-07-01,1982,7,342.5,Gold
1982-08-01,1982,8,409.6,Gold
1982-09-01,1982,9,394.75,Gold
1982-10-01,1982,10,422.0,Gold
1982-11-01,1982,11,428.25,Gold
1982-12-01,1982,12,448.0,Gold
1983-01-01,1983,1,503.0,Gold
1983-02-01,1983,2,419.75,Gold
1983-03-01,1983,3,414.25,Gold
1983-04-01,1983,4,428.5,Gold
1983-05-01,1983,5,439.0,Gold
1983-06-01,1983,6,416.75,Gold
1983-07-01,1983,7,422.25,Gold
1983-08-01,1983,8,414.5,Gold
1983-09-01,1983,9,404.0,Gold
1983-10-01,1983,10,383.5,Gold
1983-11-01,1983,11,405.75,Gold
1983-12-01,1983,12,381.5,Gold
1984-01-01,1984,1,371.9,Gold
1984-02-01,1984,2,396.6,Gold
1984-03-01,1984,3,388.5,Gold
1984-04-01,1984,4,376.2,Gold
1984-05-01,1984,5,383.45,Gold
1984-06-01,1984,6,375.25,Gold
1984-07-01,1984,7,341.6,Gold
1984-08-01,1984,8,347.7,Gold
1984-09-01,1984,9,344.15,Gold
1984-10-01,1984,10,334.5,Gold
1984-11-01,1984,11,328.6,Gold
1984-12-01,1984,12,309.0,Gold
1985-01-01,1985,1,304.9,Gold
1985-02-01,1985,2,290.5,Gold
1985-03-01,1985,3,329.8,Gold
1985-04-01,1985,4,324.65,Gold
1985-05-01,1985,5,313.15,Gold
1985-06-01,1985,6,316.5,Gold
1985-07-01,1985,7,328.1,Gold
1985-08-01,1985,8,335.75,Gold
1985-09-01,1985,9,326.5,Gold
1985-10-01,1985,10,325.75,Gold
1985-11-01,1985,11,327.4,Gold
1985-12-01,1985,12,327.0,Gold
1986-01-01,1986,1,354.0,Gold
1986-02-01,1986,2,338.25,Gold
1986-03-01,1986,3,345.5,Gold
1986-04-01,1986,4,344.75,Gold
1986-05-01,1986,5,343.35,Gold
1986-06-01,1986,6,345.5,Gold
1986-07-01,1986,7,357.75,Gold
1986-08-01,1986,8,386.0,Gold
1986-09-01,1986,9,421.2,Gold
1986-10-01,1986,10,401.5,Gold
1986-11-01,1986,11,390.0,Gold
1986-12-01,1986,12,390.9,Gold
1987-01-01,1987,1,407.3,Gold
1987-02-01,1987,2,405.75,Gold
1987-03-01,1987,3,419.0,Gold
1987-04-01,1987,4,454.5,Gold
1987-05-01,1987,5,451.75,Gold
1987-06-01,1987,6,447.1,Gold
1987-07-01,1987,7,464.25,Gold
1987-08-01,1987,8,455.9,Gold
1987-09-01,1987,9,459.15,Gold
1987-10-01,1987,10,468.0,Gold
1987-11-01,1987,11,493.9,Gold
1987-12-01,1987,12,486.5,Gold
1988-01-01,1988,1,465.25,Gold
1988-02-01,1988,2,423.75,Gold
1988-03-01,1988,3,458.0,Gold
1988-04-01,1988,4,449.75,Gold
1988-05-01,1988,5,454.0,Gold
1988-06-01,1988,6,436.85,Gold
1988-07-01,1988,7,432.7,Gold
1988-08-01,1988,8,426.35,Gold
1988-09-01,1988,9,396.15,Gold
1988-10-01,1988,10,412.3,Gold
1988-11-01,1988,11,421.3,Gold
1988-12-01,1988,12,410.15,Gold
1989-01-01,1989,1,394.85,Gold
1989-02-01,1989,2,386.75,Gold
1989-03-01,1989,3,382.3,Gold
1989-04-01,1989,4,381.3,Gold
1989-05-01,1989,5,363.5,Gold
1989-06-01,1989,6,371.15,Gold
1989-07-01,1989,7,369.1,Gold
1989-08-01,1989,8,359.6,Gold
1989-09-01,1989,9,369.0,Gold
1989-10-01,1989,10,376.05,Gold
1989-11-01,1989,11,406.8,Gold
1989-12-01,1989,12,401.0,Gold
1990-01-01,1990,1,417.55,Gold
1990-02-01,1990,2,409.1,Gold
1990-03-01,1990,3,372.2,Gold
1990-04-01,1990,4,371.55,Gold
1990-05-01,1990,5,363.7,Gold
1990-06-01,1990,6,352.4,Gold
1990-07-01,1990,7,371.1,Gold
1990-08-01,1990,8,388.1,Gold
1990-09-01,1990,9,406.1,Gold
1990-10-01,1990,10,379.25,Gold
1990-11-01,1990,11,384.8,Gold
1990-12-01,1990,12,391.0,Gold
1991-01-01,1991,1,369.6,Gold
1991-02-01,1991,2,363.0,Gold
1991-03-01,1991,3,354.0,Gold
1991-04-01,1991,4,353.45,Gold
1991-05-01,1991,5,361.55,Gold
1991-06-01,1991,6,366.9,Gold
1991-07-01,1991,7,363.6,Gold
1991-08-01,1991,8,347.0,Gold
1991-09-01,1991,9,350.5,Gold
1991-10-01,1991,10,357.4,Gold
1991-11-01,1991,11,366.85,Gold
1991-12-01,1991,12,353.4,Gold
1992-01-01,1992,1,354.15,Gold
1992-02-01,1992,2,353.05,Gold
1992-03-01,1992,3,341.5,Gold
1992-04-01,1992,4,336.25,Gold
1992-05-01,1992,5,337.55,Gold
1992-06-01,1992,6,343.4,Gold
1992-07-01,1992,7,357.95,Gold
1992-08-01,1992,8,340.5,Gold
1992-09-01,1992,9,349.0,Gold
1992-10-01,1992,10,338.8,Gold
1992-11-01,1992,11,333.7,Gold
1992-12-01,1992,12,332.9,Gold
1993-01-01,1993,1,330.75,Gold
1993-02-01,1993,2,328.75,Gold
1993-03-01,1993,3,336.9,Gold
1993-04-01,1993,4,353.45,Gold
1993-05-01,1993,5,381.0,Gold
1993-06-01,1993,6,379.0,Gold
1993-07-01,1993,7,403.7,Gold
1993-08-01,1993,8,370.6,Gold
1993-09-01,1993,9,352.65,Gold
1993-10-01,1993,10,369.1,Gold
1993-11-01,1993,11,370.8,Gold
1993-12-01,1993,12,390.65,Gold
1994-01-01,1994,1,378.2,Gold
1994-02-01,1994,2,380.75,Gold
1994-03-01,1994,3,389.7,Gold
1994-04-01,1994,4,376.45,Gold
1994-05-01,1994,5,386.25,Gold
1994-06-01,1994,6,385.4,Gold
1994-07-01,1994,7,384.05,Gold
1994-08-01,1994,8,386.25,Gold
1994-09-01,1994,9,395.35,Gold
1994-10-01,1994,10,387.4,Gold
1994-11-01,1994,11,383.35,Gold
1994-12-01,1994,12,382.5,Gold
1995-01-01,1995,1,375.85,Gold
1995-02-01,1995,2,375.7,Gold
1995-03-01,1995,3,386.55,Gold
1995-04-01,1995,4,389.5,Gold
1995-05-01,1995,5,384.25,Gold
1995-06-01,1995,6,387.6,Gold
1995-07-01,1995,7,383.35,Gold
1995-08-01,1995,8,381.65,Gold
1995-09-01,1995,9,383.75,Gold
1995-10-01,1995,10,382.4,Gold
1995-11-01,1995,11,387.85,Gold
1995-12-01,1995,12,386.7,Gold
1996-01-01,1996,1,403.2,Gold
1996-02-01,1996,2,400.35,Gold
1996-03-01,1996,3,396.7,Gold
1996-04-01,1996,4,390.15,Gold
1996-05-01,1996,5,390.55,Gold
1996-06-01,1996,6,381.3,Gold
1996-07-01,1996,7,385.5,Gold
1996-08-01,1996,8,387.25,Gold
1996-09-01,1996,9,379.3,Gold
1996-10-01,1996,10,379.3,Gold
1996-11-01,1996,11,371.9,Gold
1996-12-01,1996,12,369.55,Gold
1997-01-01,1997,1,345.0,Gold
1997-02-01,1997,2,360.6,Gold
1997-03-01,1997,3,349.5,Gold
1997-04-01,1997,4,340.45,Gold
1997-05-01,1997,5,345.75,Gold
1997-06-01,1997,6,334.05,Gold
1997-07-01,1997,7,326.0,Gold
1997-08-01,1997,8,325.4,Gold
1997-09-01,1997,9,328.75,Gold
1997-10-01,1997,10,310.4,Gold
1997-11-01,1997,11,296.9,Gold
1997-12-01,1997,12,289.2,Gold
1998-01-01,1998,1,301.8,Gold
1998-02-01,1998,2,296.55,Gold
1998-03-01,1998,3,299.9,Gold
1998-04-01,1998,4,310.7,Gold
1998-05-01,1998,5,292.4,Gold
1998-06-01,1998,6,295.75,Gold
1998-07-01,1998,7,289.4,Gold
1998-08-01,1998,8,273.4,Gold
1998-09-01,1998,9,294.1,Gold
1998-10-01,1998,10,293.1,Gold
1998-11-01,1998,11,295.75,Gold
1998-12-01,1998,12,287.45,Gold
1999-01-01,1999,1,285.65,Gold
1999-02-01,1999,2,286.8,Gold
1999-03-01,1999,3,279.8,Gold
1999-04-01,1999,4,285.85,Gold
1999-05-01,1999,5,271.05,Gold
1999-06-01,1999,6,261.2,Gold
1999-07-01,1999,7,256.75,Gold
1999-08-01,1999,8,254.6,Gold
1999-09-01,1999,9,303.75,Gold
1999-10-01,1999,10,298.85,Gold
1999-11-01,1999,11,292.0,Gold
1999-12-01,1999,12,290.85,Gold
2000-01-01,2000,1,283.05,Gold
2000-02-01,2000,2,294.0,Gold
2000-03-01,2000,3,275.9,Gold
2000-04-01,2000,4,275.85,Gold
2000-05-01,2000,5,272.25,Gold
2000-06-01,2000,6,289.15,Gold
2000-07-01,2000,7,277.4,Gold
2000-08-01,2000,8,274.95,Gold
2000-09-01,2000,9,274.1,Gold
2000-10-01,2000,10,263.8,Gold
2000-11-01,2000,11,267.0,Gold
2000-12-01,2000,12,272.65,Gold
2001-01-01,2001,1,266.2,Gold
2001-02-01,2001,2,265.0,Gold
2001-03-01,2001,3,259.05,Gold
2001-04-01,2001,4,263.45,Gold
2001-05-01,2001,5,266.1,Gold
2001-06-01,2001,6,269.9,Gold
2001-07-01,2001,7,265.55,Gold
2001-08-01,2001,8,275.35,Gold
2001-09-01,2001,9,290.85,Gold
2001-10-01,2001,10,280.95,Gold
2001-11-01,2001,11,274.7,Gold
2001-12-01,2001,12,276.5,Gold
2002-01-01,2002,1,281.5,Gold
2002-02-01,2002,2,296.55,Gold
2002-03-01,2002,3,303.0,Gold
2002-04-01,2002,4,309.35,Gold
2002-05-01,2002,5,327.25,Gold
2002-06-01,2002,6,319.05,Gold
2002-07-01,2002,7,305.5,Gold
2002-08-01,2002,8,312.4,Gold
2002-09-01,2002,9,322.4,Gold
2002-10-01,2002,10,316.35,Gold
2002-11-01,2002,11,318.25,Gold
2002-12-01,2002,12,342.75,Gold
2003-01-01,2003,1,370.35,Gold
2003-02-01,2003,2,347.65,Gold
2003-03-01,2003,3,335.35,Gold
2003-04-01,2003,4,336.0,Gold
2003-05-01,2003,5,365.8,Gold
2003-06-01,2003,6,345.15,Gold
2003-07-01,2003,7,355.75,Gold
2003-08-01,2003,8,371.0,Gold
2003-09-01,2003,9,384.5,Gold
2003-10-01,2003,10,384.6,Gold
2003-11-01,2003,11,398.1,Gold
2003-12-01,2003,12,417.25,Gold
2004-01-01,2004,1,401.3,Gold
2004-02-01,2004,2,392.25,Gold
2004-03-01,2004,3,423.0,Gold
2004-04-01,2004,4,387.3,Gold
2004-05-01,2004,5,393.85,Gold
2004-06-01,2004,6,393.75,Gold
2004-07-01,2004,7,389.6,Gold
2004-08-01,2004,8,408.1,Gold
2004-09-01,2004,9,412.35,Gold
2004-10-01,2004,10,426.2,Gold
2004-11-01,2004,11,452.0,Gold
2004-12-01,2004,12,438.0,Gold
2005-01-01,2005,1,423.8,Gold
2005-02-01,2005,2,436.55,Gold
2005-03-01,2005,3,427.5,Gold
2005-04-01,2005,4,433.2,Gold
2005-05-01,2005,5,416.9,Gold
2005-06-01,2005,6,436.8,Gold
2005-07-01,2005,7,427.15,Gold
2005-08-01,2005,8,433.0,Gold
2005-09-01,2005,9,473.4,Gold
2005-10-01,2005,10,472.65,Gold
2005-11-01,2005,11,493.8,Gold
2005-12-01,2005,12,513.0,Gold
2006-01-01,2006,1,569.8,Gold
2006-02-01,2006,2,556.5,Gold
2006-03-01,2006,3,584.0,Gold
2006-04-01,2006,4,638.25,Gold
2006-05-01,2006,5,654.0,Gold
2006-06-01,2006,6,600.4,Gold
2006-07-01,2006,7,637.0,Gold
2006-08-01,2006,8,621.75,Gold
2006-09-01,2006,9,601.75,Gold
2006-10-01,2006,10,600.9,Gold
2006-11-01,2006,11,638.4,Gold
2006-12-01,2006,12,635.7,Gold
2007-01-01,2007,1,645.75,Gold
2007-02-01,2007,2,677.0,Gold
2007-03-01,2007,3,663.5,Gold
2007-04-01,2007,4,678.0,Gold
2007-05-01,2007,5,656.6,Gold
2007-06-01,2007,6,648.5,Gold
2007-07-01,2007,7,666.75,Gold
2007-08-01,2007,8,668.0,Gold
2007-09-01,2007,9,737.75,Gold
2007-10-01,2007,10,783.0,Gold
2007-11-01,2007,11,794.75,Gold
2007-12-01,2007,12,836.5,Gold
2008-01-01,2008,1,923.75,Gold
2008-02-01,2008,2,969.0,Gold
2008-03-01,2008,3,937.25,Gold
2008-04-01,2008,4,867.75,Gold
2008-05-01,2008,5,879.5,Gold
2008-06-01,2008,6,932.75,Gold
2008-07-01,2008,7,912.0,Gold
2008-08-01,2008,8,836.5,Gold
2008-09-01,2008,9,897.0,Gold
2008-10-01,2008,10,728.5,Gold
2008-11-01,2008,11,813.5,Gold
2008-12-01,2008,12,865.0,Gold
2009-01-01,2009,1,918.5,Gold
2009-02-01,2009,2,943.75,Gold
2009-03-01,2009,3,918.5,Gold
2009-04-01,2009,4,889.0,Gold
2009-05-01,2009,5,972.0,Gold
2009-06-01,2009,6,941.0,Gold
2009-07-01,2009,7,936.5,Gold
2009-08-01,2009,8,950.75,Gold
2009-09-01,2009,9,1001.25,Gold
2009-10-01,2009,10,1044.5,Gold
2009-11-01,2009,11,1172.0,Gold
2009-12-01,2009,12,1104.0,Gold
2010-01-01,2010,1,1082.75,Gold
2010-02-01,2010,2,1112.5,Gold
2010-03-01,2010,3,1109.5,Gold
2010-04-01,2010,4,1175.25,Gold
2010-05-01,2010,5,1214.0,Gold
2010-06-01,2010,6,1240.5,Gold
2010-07-01,2010,7,1168.0,Gold
2010-08-01,2010,8,1233.5,Gold
2010-09-01,2010,9,1311.0,Gold
2010-10-01,2010,10,1336.75,Gold
2010-11-01,2010,11,1375.0,Gold
2010-12-01,2010,12,1410.25,Gold
2011-01-01,2011,1,1333.5,Gold
2011-02-01,2011,2,1409.75,Gold
2011-03-01,2011,3,1431.0,Gold
2011-04-01,2011,4,1531.0,Gold
2011-05-01,2011,5,1537.0,Gold
2011-06-01,2011,6,1508.0,Gold
2011-07-01,2011,7,1613.75,Gold
2011-08-01,2011,8,1826.0,Gold
2011-09-01,2011,9,1629.0,Gold
2011-10-01,2011,10,1718.0,Gold
2011-11-01,2011,11,1704.0,Gold
2011-12-01,2011,12,1574.5,Gold
2012-01-01,2012,1,1738.0,Gold
2012-02-01,2012,2,1788.0,Gold
2012-03-01,2012,3,1660.75,Gold
2012-04-01,2012,4,1662.5,Gold
2012-05-01,2012,5,1567.5,Gold
2012-06-01,2012,6,1569.5,Gold
2012-07-01,2012,7,1622.75,Gold
2012-08-01,2012,8,1657.75,Gold
2012-09-01,2012,9,1781.0,Gold
2012-10-01,2012,10,1718.0,Gold
2012-11-01,2012,11,1728.25,Gold
2012-12-01,2012,12,1664.0,Gold
2013-01-01,2013,1,1674.5,Gold
2013-02-01,2013,2,1591.0,Gold
2013-03-01,2013,3,1602.5,Gold
2013-04-01,2013,4,1472.75,Gold
2013-05-01,2013,5,1410.25,Gold
2013-06-01,2013,6,1203.25,Gold
2013-07-01,2013,7,1331.5,Gold
2013-08-01,2013,8,1392.75,Gold
2013-09-01,2013,9,1335.75,Gold
2013-10-01,2013,10,1333.75,Gold
2013-11-01,2013,11,1245.25,Gold
2013-12-01,2013,12,1201.5,Gold
2014-01-01,2014,1,1246.5,Gold
2014-02-01,2014,2,1327.75,Gold
2014-03-01,2014,3,1294.0,Gold
2014-04-01,2014,4,1292.0,Gold
2014-05-01,2014,5,1254.0,Gold
2014-06-01,2014,6,1313.0,Gold
2014-07-01,2014,7,1295.0,Gold
2014-08-01,2014,8,1285.75,Gold
2014-09-01,2014,9,1210.0,Gold
2014-10-01,2014,10,1173.25,Gold
2014-11-01,2014,11,1184.5,Gold
2014-12-01,2014,12,1199.25,Gold
2015-01-01,2015,1,1263.5,Gold
2015-02-01,2015,2,1205.0,Gold
2015-03-01,2015,3,1179.25,Gold
2015-04-01,2015,4,1204.3,Gold
2015-05-01,2015,5,1189.8,Gold
2015-06-01,2015,6,1171.8,Gold
2015-07-01,2015,7,1095.1,Gold
2015-08-01,2015,8,1132.5,Gold
2015-09-01,2015,9,1115.2,Gold
2015-10-01,2015,10,1141.4,Gold
2015-11-01,2015,11,1065.3,Gold
2015-12-01,2015,12,1060.2,Gold
2016-01-01,2016,1,1116.4,Gold
2016-02-01,2016,2,1234.4,Gold
2016-03-01,2016,3,1235.6,Gold
2016-04-01,2016,4,1290.5,Gold
2016-05-01,2016,5,1217.5,Gold
2016-06-01,2016,6,1320.6,Gold
2016-07-01,2016,7,1357.5,Gold
2016-08-01,2016,8,1311.4,Gold
2016-09-01,2016,9,1317.1,Gold
2016-10-01,2016,10,1273.1,Gold
2016-11-01,2016,11,1173.9,Gold
2016-12-01,2016,12,1151.7,Gold
2017-01-01,2017,1,1211.4,Gold
2017-02-01,2017,2,1253.9,Gold
2017-03-01,2017,3,1251.2,Gold
2017-04-01,2017,4,1268.3,Gold
2017-05-01,2017,5,1275.4,Gold
2017-06-01,2017,6,1242.3,Gold
2017-07-01,2017,7,1273.4,Gold
2017-08-01,2017,8,1322.2,Gold
2017-09-01,2017,9,1284.8,Gold
2017-10-01,2017,10,1270.5,Gold
2017-11-01,2017,11,1282.15,Gold
2017-12-01,2017,12,1296.5,Gold
2018-01-01,2018,1,1343.35,Gold
2018-02-01,2018,2,1320.3,Gold
2018-03-01,2018,3,1323.9,Gold
2018-04-01,2018,4,1316.25,Gold
2018-05-01,2018,5,1303.5,Gold
2018-06-01,2018,6,1250.55,Gold
2018-07-01,2018,7,1219.2,Gold
2018-08-01,2018,8,1206.85,Gold
2018-09-01,2018,9,1183.5,Gold
2018-10-01,2018,10,1217.7,Gold
2018-11-01,2018,11,1220.45,Gold
2018-12-01,2018,12,1281.65,Gold
2019-01-01,2019,1,1322.5,Gold
2019-02-01,2019,2,1325.45,Gold
2019-03-01,2019,3,1291.15,Gold
2019-04-01,2019,4,1285.15,Gold
2019-05-01,2019,5,1296.0,Gold
2019-06-01,2019,6,1413.2,Gold
2019-07-01,2019,7,1430.55,Gold
2019-08-01,2019,8,1526.55,Gold
2019-09-01,2019,9,1487.6,Gold
2019-10-01,2019,10,1506.4,Gold
2019-11-01,2019,11,1456.35,Gold
2019-12-01,2019,12,1523.0,Gold
2020-01-01,2020,1,1580.85,Gold
2020-02-01,2020,2,1626.35,Gold
2020-03-01,2020,3,1604.65,Gold
2020-04-01,2020,4,1716.75,Gold
2020-05-01,2020,5,1725.65,Gold
2020-06-01,2020,6,1770.7,Gold
2020-07-01,2020,7,1971.68,Gold
2020-08-01,2020,8,1970.5,Gold
2020-09-01,2020,9,1893.9,Gold
2020-10-01,2020,10,1879.9,Gold
2020-11-01,2020,11,1779.86,Gold
2020-12-01,2020,12,1895.1,Gold
2021-01-01,2021,1,1849.7,Gold
2021-02-01,2021,2,1728.8,Gold
2021-03-01,2021,3,1715.24,Gold
2021-04-01,2021,4,1767.7,Gold
2021-05-01,2021,5,1904.74,Gold
2021-06-01,2021,6,1771.6,Gold
2021-07-01,2021,7,1814.12,Gold
2021-08-01,2021,8,1815.8,Gold
2021-09-01,2021,9,1756.66,Gold
2021-10-01,2021,10,1783.9,Gold
2021-11-01,2021,11,1775.92,Gold
2021-12-01,2021,12,1828.6,Gold
2022-01-01,2022,1,1796.12,Gold
2022-02-01,2022,2,1900.7,Gold
2022-03-01,2022,3,1953.04,Gold
2022-04-01,2022,4,1911.7,Gold
2022-05-01,2022,5,1847.26,Gold
2022-06-01,2022,6,1817.4548,Gold
2022-07-01,2022,7,1766.4309,Gold
2022-08-01,2022,8,1708.58,Gold
2022-09-01,2022,9,1660.8799,Gold
2022-10-01,2022,10,1632.38,Gold
2022-11-01,2022,11,1768.61,Gold
2022-12-01,2022,12,1824.3233,Gold
2023-01-01,2023,1,1928.1201,Gold
2023-02-01,2023,2,1826.7404,Gold
2023-03-01,2023,3,1969.5459,Gold
2023-04-01,2023,4,1990.6,Gold
2023-05-01,2023,5,1965.2,Gold
2023-06-01,2023,6,1919.5693,Gold
2023-07-01,2023,7,1964.3387,Gold
2023-08-01,2023,8,1939.8281,Gold
2023-09-01,2023,9,1848.4898,Gold
2023-10-01,2023,10,1984.0109,Gold
2023-11-01,2023,11,2044.8957,Gold
2023-12-01,2023,12,2062.9233,Gold
2024-01-01,2024,1,2039.1538,Gold
2024-02-01,2024,2,2044.1997,Gold
2024-03-01,2024,3,2231.5551,Gold
2024-04-01,2024,4,2285.9886,Gold
2024-05-01,2024,5,2327.2836,Gold
2024-06-01,2024,6,2326.7177,Gold
2024-07-01,2024,7,2409.6865,Gold
2024-08-01,2024,8,2503.3796,Gold
2024-09-01,2024,9,2664.4143,Gold
2024-10-01,2024,10,2746.7019,Gold
2024-11-01,2024,11,2651.247,Gold
2024-12-01,2024,12,2624.603,Gold
2025-01-01,2025,1,2798.1968,Gold
2025-02-01,2025,2,2876.208,Gold
2025-03-01,2025,3,3086.3435,Gold
2025-04-01,2025,4,3273.5046,Gold
2025-05-01,2025,5,3289.5548,Gold
2025-06-01,2025,6,3266.4101,Gold
2025-07-01,2025,7,3285.7772,Gold
2025-08-01,2025,8,3415.7672,Gold
2025-09-01,2025,9,3836.2342,Gold
2025-10-01,2025,10,4002.7699,Gold
2025-11-01,2025,11,4217.3637,Gold
2025-12-01,2025,12,4322.3617,Gold
2026-01-01,2026,1,4865.35,Gold
2026-02-01,2026,2,5277.89,Gold
2026-03-01,2026,3,4670.3486,Gold
2026-04-01,2026,4,4712.8906,Gold
1915-01-01,1915,1,0.51,Silver
1915-02-01,1915,2,0.51,Silver
1915-03-01,1915,3,0.51,Silver
1915-04-01,1915,4,0.51,Silver
1915-05-01,1915,5,0.51,Silver
1915-06-01,1915,6,0.51,Silver
1915-07-01,1915,7,0.51,Silver
1915-08-01,1915,8,0.51,Silver
1915-09-01,1915,9,0.51,Silver
1915-10-01,1915,10,0.51,Silver
1915-11-01,1915,11,0.51,Silver
1915-12-01,1915,12,0.51,Silver
1916-01-01,1916,1,0.67,Silver
1916-02-01,1916,2,0.67,Silver
1916-03-01,1916,3,0.67,Silver
1916-04-01,1916,4,0.67,Silver
1916-05-01,1916,5,0.67,Silver
1916-06-01,1916,6,0.67,Silver
1916-07-01,1916,7,0.67,Silver
1916-08-01,1916,8,0.67,Silver
1916-09-01,1916,9,0.67,Silver
1916-10-01,1916,10,0.67,Silver
1916-11-01,1916,11,0.67,Silver
1916-12-01,1916,12,0.67,Silver
1917-01-01,1917,1,0.84,Silver
1917-02-01,1917,2,0.84,Silver
1917-03-01,1917,3,0.84,Silver
1917-04-01,1917,4,0.84,Silver
1917-05-01,1917,5,0.84,Silver
1917-06-01,1917,6,0.84,Silver
1917-07-01,1917,7,0.84,Silver
1917-08-01,1917,8,0.84,Silver
1917-09-01,1917,9,0.84,Silver
1917-10-01,1917,10,0.84,Silver
1917-11-01,1917,11,0.84,Silver
1917-12-01,1917,12,0.84,Silver
1918-01-01,1918,1,0.98,Silver
1918-02-01,1918,2,0.98,Silver
1918-03-01,1918,3,0.98,Silver
1918-04-01,1918,4,0.98,Silver
1918-05-01,1918,5,0.98,Silver
1918-06-01,1918,6,0.98,Silver
1918-07-01,1918,7,0.98,Silver
1918-08-01,1918,8,0.98,Silver
1918-09-01,1918,9,0.98,Silver
1918-10-01,1918,10,0.98,Silver
1918-11-01,1918,11,0.98,Silver
1918-12-01,1918,12,0.98,Silver
1919-01-01,1919,1,1.13,Silver
1919-02-01,1919,2,1.13,Silver
1919-03-01,1919,3,1.13,Silver
1919-04-01,1919,4,1.13,Silver
1919-05-01,1919,5,1.13,Silver
1919-06-01,1919,6,1.13,Silver
1919-07-01,1919,7,1.13,Silver
1919-08-01,1919,8,1.13,Silver
1919-09-01,1919,9,1.13,Silver
1919-10-01,1919,10,1.13,Silver
1919-11-01,1919,11,1.13,Silver
1919-12-01,1919,12,1.13,Silver
1920-01-01,1920,1,1.03,Silver
1920-02-01,1920,2,1.03,Silver
1920-03-01,1920,3,1.03,Silver
1920-04-01,1920,4,1.03,Silver
1920-05-01,1920,5,1.03,Silver
1920-06-01,1920,6,1.03,Silver
1920-07-01,1920,7,1.03,Silver
1920-08-01,1920,8,1.03,Silver
1920-09-01,1920,9,1.03,Silver
1920-10-01,1920,10,1.03,Silver
1920-11-01,1920,11,1.03,Silver
1920-12-01,1920,12,1.03,Silver
1921-01-01,1921,1,0.63,Silver
1921-02-01,1921,2,0.63,Silver
1921-03-01,1921,3,0.63,Silver
1921-04-01,1921,4,0.63,Silver
1921-05-01,1921,5,0.63,Silver
1921-06-01,1921,6,0.63,Silver
1921-07-01,1921,7,0.63,Silver
1921-08-01,1921,8,0.63,Silver
1921-09-01,1921,9,0.63,Silver
1921-10-01,1921,10,0.63,Silver
1921-11-01,1921,11,0.63,Silver
1921-12-01,1921,12,0.63,Silver
1922-01-01,1922,1,0.68,Silver
1922-02-01,1922,2,0.68,Silver
1922-03-01,1922,3,0.68,Silver
1922-04-01,1922,4,0.68,Silver
1922-05-01,1922,5,0.68,Silver
1922-06-01,1922,6,0.68,Silver
1922-07-01,1922,7,0.68,Silver
1922-08-01,1922,8,0.68,Silver
1922-09-01,1922,9,0.68,Silver
1922-10-01,1922,10,0.68,Silver
1922-11-01,1922,11,0.68,Silver
1922-12-01,1922,12,0.68,Silver
1923-01-01,1923,1,0.65,Silver
1923-02-01,1923,2,0.65,Silver
1923-03-01,1923,3,0.65,Silver
1923-04-01,1923,4,0.65,Silver
1923-05-01,1923,5,0.65,Silver
1923-06-01,1923,6,0.65,Silver
1923-07-01,1923,7,0.65,Silver
1923-08-01,1923,8,0.65,Silver
1923-09-01,1923,9,0.65,Silver
1923-10-01,1923,10,0.65,Silver
1923-11-01,1923,11,0.65,Silver
1923-12-01,1923,12,0.65,Silver
1924-01-01,1924,1,0.67,Silver
1924-02-01,1924,2,0.67,Silver
1924-03-01,1924,3,0.67,Silver
1924-04-01,1924,4,0.67,Silver
1924-05-01,1924,5,0.67,Silver
1924-06-01,1924,6,0.67,Silver
1924-07-01,1924,7,0.67,Silver
1924-08-01,1924,8,0.67,Silver
1924-09-01,1924,9,0.67,Silver
1924-10-01,1924,10,0.67,Silver
1924-11-01,1924,11,0.67,Silver
1924-12-01,1924,12,0.67,Silver
1925-01-01,1925,1,0.69,Silver
1925-02-01,1925,2,0.69,Silver
1925-03-01,1925,3,0.69,Silver
1925-04-01,1925,4,0.69,Silver
1925-05-01,1925,5,0.69,Silver
1925-06-01,1925,6,0.69,Silver
1925-07-01,1925,7,0.69,Silver
1925-08-01,1925,8,0.69,Silver
1925-09-01,1925,9,0.69,Silver
1925-10-01,1925,10,0.69,Silver
1925-11-01,1925,11,0.69,Silver
1925-12-01,1925,12,0.69,Silver
1926-01-01,1926,1,0.62,Silver
1926-02-01,1926,2,0.62,Silver
1926-03-01,1926,3,0.62,Silver
1926-04-01,1926,4,0.62,Silver
1926-05-01,1926,5,0.62,Silver
1926-06-01,1926,6,0.62,Silver
1926-07-01,1926,7,0.62,Silver
1926-08-01,1926,8,0.62,Silver
1926-09-01,1926,9,0.62,Silver
1926-10-01,1926,10,0.62,Silver
1926-11-01,1926,11,0.62,Silver
1926-12-01,1926,12,0.62,Silver
1927-01-01,1927,1,0.57,Silver
1927-02-01,1927,2,0.57,Silver
1927-03-01,1927,3,0.57,Silver
1927-04-01,1927,4,0.57,Silver
1927-05-01,1927,5,0.57,Silver
1927-06-01,1927,6,0.57,Silver
1927-07-01,1927,7,0.57,Silver
1927-08-01,1927,8,0.57,Silver
1927-09-01,1927,9,0.57,Silver
1927-10-01,1927,10,0.57,Silver
1927-11-01,1927,11,0.57,Silver
1927-12-01,1927,12,0.57,Silver
1928-01-01,1928,1,0.58,Silver
1928-02-01,1928,2,0.58,Silver
1928-03-01,1928,3,0.58,Silver
1928-04-01,1928,4,0.58,Silver
1928-05-01,1928,5,0.58,Silver
1928-06-01,1928,6,0.58,Silver
1928-07-01,1928,7,0.58,Silver
1928-08-01,1928,8,0.58,Silver
1928-09-01,1928,9,0.58,Silver
1928-10-01,1928,10,0.58,Silver
1928-11-01,1928,11,0.58,Silver
1928-12-01,1928,12,0.58,Silver
1929-01-01,1929,1,0.53,Silver
1929-02-01,1929,2,0.53,Silver
1929-03-01,1929,3,0.53,Silver
1929-04-01,1929,4,0.53,Silver
1929-05-01,1929,5,0.53,Silver
1929-06-01,1929,6,0.53,Silver
1929-07-01,1929,7,0.53,Silver
1929-08-01,1929,8,0.53,Silver
1929-09-01,1929,9,0.53,Silver
1929-10-01,1929,10,0.53,Silver
1929-11-01,1929,11,0.53,Silver
1929-12-01,1929,12,0.53,Silver
1930-01-01,1930,1,0.38,Silver
1930-02-01,1930,2,0.38,Silver
1930-03-01,1930,3,0.38,Silver
1930-04-01,1930,4,0.38,Silver
1930-05-01,1930,5,0.38,Silver
1930-06-01,1930,6,0.38,Silver
1930-07-01,1930,7,0.38,Silver
1930-08-01,1930,8,0.38,Silver
1930-09-01,1930,9,0.38,Silver
1930-10-01,1930,10,0.38,Silver
1930-11-01,1930,11,0.38,Silver
1930-12-01,1930,12,0.38,Silver
1931-01-01,1931,1,0.29,Silver
1931-02-01,1931,2,0.29,Silver
1931-03-01,1931,3,0.29,Silver
1931-04-01,1931,4,0.29,Silver
1931-05-01,1931,5,0.29,Silver
1931-06-01,1931,6,0.29,Silver
1931-07-01,1931,7,0.29,Silver
1931-08-01,1931,8,0.29,Silver
1931-09-01,1931,9,0.29,Silver
1931-10-01,1931,10,0.29,Silver
1931-11-01,1931,11,0.29,Silver
1931-12-01,1931,12,0.29,Silver
1932-01-01,1932,1,0.28,Silver
1932-02-01,1932,2,0.28,Silver
1932-03-01,1932,3,0.28,Silver
1932-04-01,1932,4,0.28,Silver
1932-05-01,1932,5,0.28,Silver
1932-06-01,1932,6,0.28,Silver
1932-07-01,1932,7,0.28,Silver
1932-08-01,1932,8,0.28,Silver
1932-09-01,1932,9,0.28,Silver
1932-10-01,1932,10,0.28,Silver
1932-11-01,1932,11,0.28,Silver
1932-12-01,1932,12,0.28,Silver
1933-01-01,1933,1,0.35,Silver
1933-02-01,1933,2,0.35,Silver
1933-03-01,1933,3,0.35,Silver
1933-04-01,1933,4,0.35,Silver
1933-05-01,1933,5,0.35,Silver
1933-06-01,1933,6,0.35,Silver
1933-07-01,1933,7,0.35,Silver
1933-08-01,1933,8,0.35,Silver
1933-09-01,1933,9,0.35,Silver
1933-10-01,1933,10,0.35,Silver
1933-11-01,1933,11,0.35,Silver
1933-12-01,1933,12,0.35,Silver
1934-01-01,1934,1,0.48,Silver
1934-02-01,1934,2,0.48,Silver
1934-03-01,1934,3,0.48,Silver
1934-04-01,1934,4,0.48,Silver
1934-05-01,1934,5,0.48,Silver
1934-06-01,1934,6,0.48,Silver
1934-07-01,1934,7,0.48,Silver
1934-08-01,1934,8,0.48,Silver
1934-09-01,1934,9,0.48,Silver
1934-10-01,1934,10,0.48,Silver
1934-11-01,1934,11,0.48,Silver
1934-12-01,1934,12,0.48,Silver
1935-01-01,1935,1,0.64,Silver
1935-02-01,1935,2,0.64,Silver
1935-03-01,1935,3,0.64,Silver
1935-04-01,1935,4,0.64,Silver
1935-05-01,1935,5,0.64,Silver
1935-06-01,1935,6,0.64,Silver
1935-07-01,1935,7,0.64,Silver
1935-08-01,1935,8,0.64,Silver
1935-09-01,1935,9,0.64,Silver
1935-10-01,1935,10,0.64,Silver
1935-11-01,1935,11,0.64,Silver
1935-12-01,1935,12,0.64,Silver
1936-01-01,1936,1,0.45,Silver
1936-02-01,1936,2,0.45,Silver
1936-03-01,1936,3,0.45,Silver
1936-04-01,1936,4,0.45,Silver
1936-05-01,1936,5,0.45,Silver
1936-06-01,1936,6,0.45,Silver
1936-07-01,1936,7,0.45,Silver
1936-08-01,1936,8,0.45,Silver
1936-09-01,1936,9,0.45,Silver
1936-10-01,1936,10,0.45,Silver
1936-11-01,1936,11,0.45,Silver
1936-12-01,1936,12,0.45,Silver
1937-01-01,1937,1,0.45,Silver
1937-02-01,1937,2,0.45,Silver
1937-03-01,1937,3,0.45,Silver
1937-04-01,1937,4,0.45,Silver
1937-05-01,1937,5,0.45,Silver
1937-06-01,1937,6,0.45,Silver
1937-07-01,1937,7,0.45,Silver
1937-08-01,1937,8,0.45,Silver
1937-09-01,1937,9,0.45,Silver
1937-10-01,1937,10,0.45,Silver
1937-11-01,1937,11,0.45,Silver
1937-12-01,1937,12,0.45,Silver
1938-01-01,1938,1,0.43,Silver
1938-02-01,1938,2,0.43,Silver
1938-03-01,1938,3,0.43,Silver
1938-04-01,1938,4,0.43,Silver
1938-05-01,1938,5,0.43,Silver
1938-06-01,1938,6,0.43,Silver
1938-07-01,1938,7,0.43,Silver
1938-08-01,1938,8,0.43,Silver
1938-09-01,1938,9,0.43,Silver
1938-10-01,1938,10,0.43,Silver
1938-11-01,1938,11,0.43,Silver
1938-12-01,1938,12,0.43,Silver
1939-01-01,1939,1,0.39,Silver
1939-02-01,1939,2,0.39,Silver
1939-03-01,1939,3,0.39,Silver
1939-04-01,1939,4,0.39,Silver
1939-05-01,1939,5,0.39,Silver
1939-06-01,1939,6,0.39,Silver
1939-07-01,1939,7,0.39,Silver
1939-08-01,1939,8,0.39,Silver
1939-09-01,1939,9,0.39,Silver
1939-10-01,1939,10,0.39,Silver
1939-11-01,1939,11,0.39,Silver
1939-12-01,1939,12,0.39,Silver
1940-01-01,1940,1,0.35,Silver
1940-02-01,1940,2,0.35,Silver
1940-03-01,1940,3,0.35,Silver
1940-04-01,1940,4,0.35,Silver
1940-05-01,1940,5,0.35,Silver
1940-06-01,1940,6,0.35,Silver
1940-07-01,1940,7,0.35,Silver
1940-08-01,1940,8,0.35,Silver
1940-09-01,1940,9,0.35,Silver
1940-10-01,1940,10,0.35,Silver
1940-11-01,1940,11,0.35,Silver
1940-12-01,1940,12,0.35,Silver
1941-01-01,1941,1,0.35,Silver
1941-02-01,1941,2,0.35,Silver
1941-03-01,1941,3,0.35,Silver
1941-04-01,1941,4,0.35,Silver
1941-05-01,1941,5,0.35,Silver
1941-06-01,1941,6,0.35,Silver
1941-07-01,1941,7,0.35,Silver
1941-08-01,1941,8,0.35,Silver
1941-09-01,1941,9,0.35,Silver
1941-10-01,1941,10,0.35,Silver
1941-11-01,1941,11,0.35,Silver
1941-12-01,1941,12,0.35,Silver
1942-01-01,1942,1,0.38,Silver
1942-02-01,1942,2,0.38,Silver
1942-03-01,1942,3,0.38,Silver
1942-04-01,1942,4,0.38,Silver
1942-05-01,1942,5,0.38,Silver
1942-06-01,1942,6,0.38,Silver
1942-07-01,1942,7,0.38,Silver
1942-08-01,1942,8,0.38,Silver
1942-09-01,1942,9,0.38,Silver
1942-10-01,1942,10,0.38,Silver
1942-11-01,1942,11,0.38,Silver
1942-12-01,1942,12,0.38,Silver
1943-01-01,1943,1,0.45,Silver
1943-02-01,1943,2,0.45,Silver
1943-03-01,1943,3,0.45,Silver
1943-04-01,1943,4,0.45,Silver
1943-05-01,1943,5,0.45,Silver
1943-06-01,1943,6,0.45,Silver
1943-07-01,1943,7,0.45,Silver
1943-08-01,1943,8,0.45,Silver
1943-09-01,1943,9,0.45,Silver
1943-10-01,1943,10,0.45,Silver
1943-11-01,1943,11,0.45,Silver
1943-12-01,1943,12,0.45,Silver
1944-01-01,1944,1,0.45,Silver
1944-02-01,1944,2,0.45,Silver
1944-03-01,1944,3,0.45,Silver
1944-04-01,1944,4,0.45,Silver
1944-05-01,1944,5,0.45,Silver
1944-06-01,1944,6,0.45,Silver
1944-07-01,1944,7,0.45,Silver
1944-08-01,1944,8,0.45,Silver
1944-09-01,1944,9,0.45,Silver
1944-10-01,1944,10,0.45,Silver
1944-11-01,1944,11,0.45,Silver
1944-12-01,1944,12,0.45,Silver
1945-01-01,1945,1,0.52,Silver
1945-02-01,1945,2,0.52,Silver
1945-03-01,1945,3,0.52,Silver
1945-04-01,1945,4,0.52,Silver
1945-05-01,1945,5,0.52,Silver
1945-06-01,1945,6,0.52,Silver
1945-07-01,1945,7,0.52,Silver
1945-08-01,1945,8,0.52,Silver
1945-09-01,1945,9,0.52,Silver
1945-10-01,1945,10,0.52,Silver
1945-11-01,1945,11,0.52,Silver
1945-12-01,1945,12,0.52,Silver
1946-01-01,1946,1,0.8,Silver
1946-02-01,1946,2,0.8,Silver
1946-03-01,1946,3,0.8,Silver
1946-04-01,1946,4,0.8,Silver
1946-05-01,1946,5,0.8,Silver
1946-06-01,1946,6,0.8,Silver
1946-07-01,1946,7,0.8,Silver
1946-08-01,1946,8,0.8,Silver
1946-09-01,1946,9,0.8,Silver
1946-10-01,1946,10,0.8,Silver
1946-11-01,1946,11,0.8,Silver
1946-12-01,1946,12,0.8,Silver
1947-01-01,1947,1,0.72,Silver
1947-02-01,1947,2,0.72,Silver
1947-03-01,1947,3,0.72,Silver
1947-04-01,1947,4,0.72,Silver
1947-05-01,1947,5,0.72,Silver
1947-06-01,1947,6,0.72,Silver
1947-07-01,1947,7,0.72,Silver
1947-08-01,1947,8,0.72,Silver
1947-09-01,1947,9,0.72,Silver
1947-10-01,1947,10,0.72,Silver
1947-11-01,1947,11,0.72,Silver
1947-12-01,1947,12,0.72,Silver
1948-01-01,1948,1,0.74,Silver
1948-02-01,1948,2,0.74,Silver
1948-03-01,1948,3,0.74,Silver
1948-04-01,1948,4,0.74,Silver
1948-05-01,1948,5,0.74,Silver
1948-06-01,1948,6,0.74,Silver
1948-07-01,1948,7,0.74,Silver
1948-08-01,1948,8,0.74,Silver
1948-09-01,1948,9,0.74,Silver
1948-10-01,1948,10,0.74,Silver
1948-11-01,1948,11,0.74,Silver
1948-12-01,1948,12,0.74,Silver
1949-01-01,1949,1,0.72,Silver
1949-02-01,1949,2,0.72,Silver
1949-03-01,1949,3,0.72,Silver
1949-04-01,1949,4,0.72,Silver
1949-05-01,1949,5,0.72,Silver
1949-06-01,1949,6,0.72,Silver
1949-07-01,1949,7,0.72,Silver
1949-08-01,1949,8,0.72,Silver
1949-09-01,1949,9,0.72,Silver
1949-10-01,1949,10,0.72,Silver
1949-11-01,1949,11,0.72,Silver
1949-12-01,1949,12,0.72,Silver
1950-01-01,1950,1,0.74,Silver
1950-02-01,1950,2,0.74,Silver
1950-03-01,1950,3,0.74,Silver
1950-04-01,1950,4,0.74,Silver
1950-05-01,1950,5,0.74,Silver
1950-06-01,1950,6,0.74,Silver
1950-07-01,1950,7,0.74,Silver
1950-08-01,1950,8,0.74,Silver
1950-09-01,1950,9,0.74,Silver
1950-10-01,1950,10,0.74,Silver
1950-11-01,1950,11,0.74,Silver
1950-12-01,1950,12,0.74,Silver
1951-01-01,1951,1,0.89,Silver
1951-02-01,1951,2,0.89,Silver
1951-03-01,1951,3,0.89,Silver
1951-04-01,1951,4,0.89,Silver
1951-05-01,1951,5,0.89,Silver
1951-06-01,1951,6,0.89,Silver
1951-07-01,1951,7,0.89,Silver
1951-08-01,1951,8,0.89,Silver
1951-09-01,1951,9,0.89,Silver
1951-10-01,1951,10,0.89,Silver
1951-11-01,1951,11,0.89,Silver
1951-12-01,1951,12,0.89,Silver
1952-01-01,1952,1,0.85,Silver
1952-02-01,1952,2,0.85,Silver
1952-03-01,1952,3,0.85,Silver
1952-04-01,1952,4,0.85,Silver
1952-05-01,1952,5,0.85,Silver
1952-06-01,1952,6,0.85,Silver
1952-07-01,1952,7,0.85,Silver
1952-08-01,1952,8,0.85,Silver
1952-09-01,1952,9,0.85,Silver
1952-10-01,1952,10,0.85,Silver
1952-11-01,1952,11,0.85,Silver
1952-12-01,1952,12,0.85,Silver
1953-01-01,1953,1,0.85,Silver
1953-02-01,1953,2,0.85,Silver
1953-03-01,1953,3,0.85,Silver
1953-04-01,1953,4,0.85,Silver
1953-05-01,1953,5,0.85,Silver
1953-06-01,1953,6,0.85,Silver
1953-07-01,1953,7,0.85,Silver
1953-08-01,1953,8,0.85,Silver
1953-09-01,1953,9,0.85,Silver
1953-10-01,1953,10,0.85,Silver
1953-11-01,1953,11,0.85,Silver
1953-12-01,1953,12,0.85,Silver
1954-01-01,1954,1,0.85,Silver
1954-02-01,1954,2,0.85,Silver
1954-03-01,1954,3,0.85,Silver
1954-04-01,1954,4,0.85,Silver
1954-05-01,1954,5,0.85,Silver
1954-06-01,1954,6,0.85,Silver
1954-07-01,1954,7,0.85,Silver
1954-08-01,1954,8,0.85,Silver
1954-09-01,1954,9,0.85,Silver
1954-10-01,1954,10,0.85,Silver
1954-11-01,1954,11,0.85,Silver
1954-12-01,1954,12,0.85,Silver
1955-01-01,1955,1,0.89,Silver
1955-02-01,1955,2,0.89,Silver
1955-03-01,1955,3,0.89,Silver
1955-04-01,1955,4,0.89,Silver
1955-05-01,1955,5,0.89,Silver
1955-06-01,1955,6,0.89,Silver
1955-07-01,1955,7,0.89,Silver
1955-08-01,1955,8,0.89,Silver
1955-09-01,1955,9,0.89,Silver
1955-10-01,1955,10,0.89,Silver
1955-11-01,1955,11,0.89,Silver
1955-12-01,1955,12,0.89,Silver
1956-01-01,1956,1,0.92,Silver
1956-02-01,1956,2,0.92,Silver
1956-03-01,1956,3,0.92,Silver
1956-04-01,1956,4,0.92,Silver
1956-05-01,1956,5,0.92,Silver
1956-06-01,1956,6,0.92,Silver
1956-07-01,1956,7,0.92,Silver
1956-08-01,1956,8,0.92,Silver
1956-09-01,1956,9,0.92,Silver
1956-10-01,1956,10,0.92,Silver
1956-11-01,1956,11,0.92,Silver
1956-12-01,1956,12,0.92,Silver
1957-01-01,1957,1,0.92,Silver
1957-02-01,1957,2,0.92,Silver
1957-03-01,1957,3,0.92,Silver
1957-04-01,1957,4,0.92,Silver
1957-05-01,1957,5,0.92,Silver
1957-06-01,1957,6,0.92,Silver
1957-07-01,1957,7,0.92,Silver
1957-08-01,1957,8,0.92,Silver
1957-09-01,1957,9,0.92,Silver
1957-10-01,1957,10,0.92,Silver
1957-11-01,1957,11,0.92,Silver
1957-12-01,1957,12,0.92,Silver
1958-01-01,1958,1,0.89,Silver
1958-02-01,1958,2,0.89,Silver
1958-03-01,1958,3,0.89,Silver
1958-04-01,1958,4,0.89,Silver
1958-05-01,1958,5,0.89,Silver
1958-06-01,1958,6,0.89,Silver
1958-07-01,1958,7,0.89,Silver
1958-08-01,1958,8,0.89,Silver
1958-09-01,1958,9,0.89,Silver
1958-10-01,1958,10,0.89,Silver
1958-11-01,1958,11,0.89,Silver
1958-12-01,1958,12,0.89,Silver
1959-01-01,1959,1,0.92,Silver
1959-02-01,1959,2,0.92,Silver
1959-03-01,1959,3,0.92,Silver
1959-04-01,1959,4,0.92,Silver
1959-05-01,1959,5,0.92,Silver
1959-06-01,1959,6,0.92,Silver
1959-07-01,1959,7,0.92,Silver
1959-08-01,1959,8,0.92,Silver
1959-09-01,1959,9,0.92,Silver
1959-10-01,1959,10,0.92,Silver
1959-11-01,1959,11,0.92,Silver
1959-12-01,1959,12,0.92,Silver
1960-01-01,1960,1,0.92,Silver
1960-02-01,1960,2,0.92,Silver
1960-03-01,1960,3,0.92,Silver
1960-04-01,1960,4,0.92,Silver
1960-05-01,1960,5,0.92,Silver
1960-06-01,1960,6,0.92,Silver
1960-07-01,1960,7,0.92,Silver
1960-08-01,1960,8,0.92,Silver
1960-09-01,1960,9,0.92,Silver
1960-10-01,1960,10,0.92,Silver
1960-11-01,1960,11,0.92,Silver
1960-12-01,1960,12,0.92,Silver
1961-01-01,1961,1,0.93,Silver
1961-02-01,1961,2,0.93,Silver
1961-03-01,1961,3,0.93,Silver
1961-04-01,1961,4,0.93,Silver
1961-05-01,1961,5,0.93,Silver
1961-06-01,1961,6,0.93,Silver
1961-07-01,1961,7,0.93,Silver
1961-08-01,1961,8,0.93,Silver
1961-09-01,1961,9,0.93,Silver
1961-10-01,1961,10,0.93,Silver
1961-11-01,1961,11,0.93,Silver
1961-12-01,1961,12,0.93,Silver
1962-01-01,1962,1,1.09,Silver
1962-02-01,1962,2,1.09,Silver
1962-03-01,1962,3,1.09,Silver
1962-04-01,1962,4,1.09,Silver
1962-05-01,1962,5,1.09,Silver
1962-06-01,1962,6,1.09,Silver
1962-07-01,1962,7,1.09,Silver
1962-08-01,1962,8,1.09,Silver
1962-09-01,1962,9,1.09,Silver
1962-10-01,1962,10,1.09,Silver
1962-11-01,1962,11,1.09,Silver
1962-12-01,1962,12,1.09,Silver
1963-01-01,1963,1,1.29,Silver
1963-02-01,1963,2,1.29,Silver
1963-03-01,1963,3,1.29,Silver
1963-04-01,1963,4,1.29,Silver
1963-05-01,1963,5,1.29,Silver
1963-06-01,1963,6,1.295,Silver
1963-07-01,1963,7,1.296,Silver
1963-08-01,1963,8,1.295,Silver
1963-09-01,1963,9,1.291,Silver
1963-10-01,1963,10,1.294,Silver
1963-11-01,1963,11,1.294,Silver
1963-12-01,1963,12,1.292,Silver
1964-01-01,1964,1,1.292,Silver
1964-02-01,1964,2,1.294,Silver
1964-03-01,1964,3,1.303,Silver
1964-04-01,1964,4,1.293,Silver
1964-05-01,1964,5,1.292,Silver
1964-06-01,1964,6,1.292,Silver
1964-07-01,1964,7,1.294,Silver
1964-08-01,1964,8,1.299,Silver
1964-09-01,1964,9,1.309,Silver
1964-10-01,1964,10,1.3,Silver
1964-11-01,1964,11,1.298,Silver
1964-12-01,1964,12,1.313,Silver
1965-01-01,1965,1,1.302,Silver
1965-02-01,1965,2,1.301,Silver
1965-03-01,1965,3,1.296,Silver
1965-04-01,1965,4,1.3,Silver
1965-05-01,1965,5,1.292,Silver
1965-06-01,1965,6,1.288,Silver
1965-07-01,1965,7,1.29,Silver
1965-08-01,1965,8,1.294,Silver
1965-09-01,1965,9,1.295,Silver
1965-10-01,1965,10,1.293,Silver
1965-11-01,1965,11,1.294,Silver
1965-12-01,1965,12,1.297,Silver
1966-01-01,1966,1,1.295,Silver
1966-02-01,1966,2,1.293,Silver
1966-03-01,1966,3,1.29,Silver
1966-04-01,1966,4,1.295,Silver
1966-05-01,1966,5,1.29,Silver
1966-06-01,1966,6,1.295,Silver
1966-07-01,1966,7,1.301,Silver
1966-08-01,1966,8,1.308,Silver
1966-09-01,1966,9,1.307,Silver
1966-10-01,1966,10,1.296,Silver
1966-11-01,1966,11,1.296,Silver
1966-12-01,1966,12,1.305,Silver
1967-01-01,1967,1,1.293,Silver
1967-02-01,1967,2,1.3,Silver
1967-03-01,1967,3,1.296,Silver
1967-04-01,1967,4,1.304,Silver
1967-05-01,1967,5,1.611,Silver
1967-06-01,1967,6,1.696,Silver
1967-07-01,1967,7,1.844,Silver
1967-08-01,1967,8,1.682,Silver
1967-09-01,1967,9,1.71,Silver
1967-10-01,1967,10,1.878,Silver
1967-11-01,1967,11,2.032,Silver
1967-12-01,1967,12,2.253,Silver
1968-01-01,1968,1,1.96,Silver
1968-02-01,1968,2,2.08,Silver
1968-03-01,1968,3,2.28,Silver
1968-04-01,1968,4,2.4,Silver
1968-05-01,1968,5,2.48,Silver
1968-06-01,1968,6,2.5,Silver
1968-07-01,1968,7,2.29,Silver
1968-08-01,1968,8,2.24,Silver
1968-09-01,1968,9,2.17,Silver
1968-10-01,1968,10,1.93,Silver
1968-11-01,1968,11,1.97,Silver
1968-12-01,1968,12,1.95,Silver
1969-01-01,1969,1,2.0,Silver
1969-02-01,1969,2,1.83,Silver
1969-03-01,1969,3,1.83,Silver
1969-04-01,1969,4,1.78,Silver
1969-05-01,1969,5,1.77,Silver
1969-06-01,1969,6,1.56,Silver
1969-07-01,1969,7,1.63,Silver
1969-08-01,1969,8,1.67,Silver
1969-09-01,1969,9,1.88,Silver
1969-10-01,1969,10,1.95,Silver
1969-11-01,1969,11,1.89,Silver
1969-12-01,1969,12,1.79,Silver
1970-01-01,1970,1,1.91,Silver
1970-02-01,1970,2,1.9,Silver
1970-03-01,1970,3,1.88,Silver
1970-04-01,1970,4,1.72,Silver
1970-05-01,1970,5,1.63,Silver
1970-06-01,1970,6,1.61,Silver
1970-07-01,1970,7,1.77,Silver
1970-08-01,1970,8,1.84,Silver
1970-09-01,1970,9,1.7,Silver
1970-10-01,1970,10,1.78,Silver
1970-11-01,1970,11,1.65,Silver
1970-12-01,1970,12,1.63,Silver
1971-01-01,1971,1,1.59,Silver
1971-02-01,1971,2,1.59,Silver
1971-03-01,1971,3,1.69,Silver
1971-04-01,1971,4,1.69,Silver
1971-05-01,1971,5,1.6,Silver
1971-06-01,1971,6,1.58,Silver
1971-07-01,1971,7,1.59,Silver
1971-08-01,1971,8,1.5,Silver
1971-09-01,1971,9,1.38,Silver
1971-10-01,1971,10,1.31,Silver
1971-11-01,1971,11,1.33,Silver
1971-12-01,1971,12,1.37,Silver
1972-01-01,1972,1,1.5,Silver
1972-02-01,1972,2,1.47,Silver
1972-03-01,1972,3,1.56,Silver
1972-04-01,1972,4,1.57,Silver
1972-05-01,1972,5,1.55,Silver
1972-06-01,1972,6,1.56,Silver
1972-07-01,1972,7,1.83,Silver
1972-08-01,1972,8,1.91,Silver
1972-09-01,1972,9,1.74,Silver
1972-10-01,1972,10,1.8,Silver
1972-11-01,1972,11,1.85,Silver
1972-12-01,1972,12,2.03,Silver
1973-01-01,1973,1,2.01,Silver
1973-02-01,1973,2,2.43,Silver
1973-03-01,1973,3,2.2,Silver
1973-04-01,1973,4,2.15,Silver
1973-05-01,1973,5,2.55,Silver
1973-06-01,1973,6,2.67,Silver
1973-07-01,1973,7,2.76,Silver
1973-08-01,1973,8,2.6,Silver
1973-09-01,1973,9,2.7,Silver
1973-10-01,1973,10,2.84,Silver
1973-11-01,1973,11,2.92,Silver
1973-12-01,1973,12,3.26,Silver
1974-01-01,1974,1,3.87,Silver
1974-02-01,1974,2,5.69,Silver
1974-03-01,1974,3,5.35,Silver
1974-04-01,1974,4,5.62,Silver
1974-05-01,1974,5,4.92,Silver
1974-06-01,1974,6,4.61,Silver
1974-07-01,1974,7,4.79,Silver
1974-08-01,1974,8,4.12,Silver
1974-09-01,1974,9,4.25,Silver
1974-10-01,1974,10,4.86,Silver
1974-11-01,1974,11,4.46,Silver
1974-12-01,1974,12,4.47,Silver
1975-01-01,1975,1,4.15,Silver
1975-02-01,1975,2,4.42,Silver
1975-03-01,1975,3,4.28,Silver
1975-04-01,1975,4,4.43,Silver
1975-05-01,1975,5,4.53,Silver
1975-06-01,1975,6,4.57,Silver
1975-07-01,1975,7,5.0,Silver
1975-08-01,1975,8,4.63,Silver
1975-09-01,1975,9,4.44,Silver
1975-10-01,1975,10,4.19,Silver
1975-11-01,1975,11,4.23,Silver
1975-12-01,1975,12,4.18,Silver
1976-01-01,1976,1,4.01,Silver
1976-02-01,1976,2,4.16,Silver
1976-03-01,1976,3,4.11,Silver
1976-04-01,1976,4,4.43,Silver
1976-05-01,1976,5,4.62,Silver
1976-06-01,1976,6,4.83,Silver
1976-07-01,1976,7,4.54,Silver
1976-08-01,1976,8,4.11,Silver
1976-09-01,1976,9,4.39,Silver
1976-10-01,1976,10,4.27,Silver
1976-11-01,1976,11,4.28,Silver
1976-12-01,1976,12,4.36,Silver
1977-01-01,1977,1,4.45,Silver
1977-02-01,1977,2,4.73,Silver
1977-03-01,1977,3,4.83,Silver
1977-04-01,1977,4,4.71,Silver
1977-05-01,1977,5,4.56,Silver
1977-06-01,1977,6,4.51,Silver
1977-07-01,1977,7,4.52,Silver
1977-08-01,1977,8,4.45,Silver
1977-09-01,1977,9,4.65,Silver
1977-10-01,1977,10,4.85,Silver
1977-11-01,1977,11,4.74,Silver
1977-12-01,1977,12,4.76,Silver
1978-01-01,1978,1,4.95,Silver
1978-02-01,1978,2,4.97,Silver
1978-03-01,1978,3,5.35,Silver
1978-04-01,1978,4,5.0,Silver
1978-05-01,1978,5,5.47,Silver
1978-06-01,1978,6,5.28,Silver
1978-07-01,1978,7,5.57,Silver
1978-08-01,1978,8,5.53,Silver
1978-09-01,1978,9,5.67,Silver
1978-10-01,1978,10,6.26,Silver
1978-11-01,1978,11,5.91,Silver
1978-12-01,1978,12,6.02,Silver
1979-01-01,1979,1,6.71,Silver
1979-02-01,1979,2,7.69,Silver
1979-03-01,1979,3,7.45,Silver
1979-04-01,1979,4,7.65,Silver
1979-05-01,1979,5,8.77,Silver
1979-06-01,1979,6,8.54,Silver
1979-07-01,1979,7,9.08,Silver
1979-08-01,1979,8,10.32,Silver
1979-09-01,1979,9,16.25,Silver
1979-10-01,1979,10,16.6,Silver
1979-11-01,1979,11,19.0,Silver
1979-12-01,1979,12,32.2,Silver
1980-01-01,1980,1,35.28,Silver
1980-02-01,1980,2,35.52,Silver
1980-03-01,1980,3,13.49,Silver
1980-04-01,1980,4,13.83,Silver
1980-05-01,1980,5,13.7,Silver
1980-06-01,1980,6,16.75,Silver
1980-07-01,1980,7,15.78,Silver
1980-08-01,1980,8,16.06,Silver
1980-09-01,1980,9,20.5,Silver
1980-10-01,1980,10,18.88,Silver
1980-11-01,1980,11,18.42,Silver
1980-12-01,1980,12,15.5,Silver
1981-01-01,1981,1,13.15,Silver
1981-02-01,1981,2,12.53,Silver
1981-03-01,1981,3,12.33,Silver
1981-04-01,1981,4,11.07,Silver
1981-05-01,1981,5,10.59,Silver
1981-06-01,1981,6,8.3,Silver
1981-07-01,1981,7,8.51,Silver
1981-08-01,1981,8,9.15,Silver
1981-09-01,1981,9,8.95,Silver
1981-10-01,1981,10,9.12,Silver
1981-11-01,1981,11,8.27,Silver
1981-12-01,1981,12,8.15,Silver
1982-01-01,1982,1,8.28,Silver
1982-02-01,1982,2,7.84,Silver
1982-03-01,1982,3,7.06,Silver
1982-04-01,1982,4,7.06,Silver
1982-05-01,1982,5,6.36,Silver
1982-06-01,1982,6,5.73,Silver
1982-07-01,1982,7,6.64,Silver
1982-08-01,1982,8,7.73,Silver
1982-09-01,1982,9,8.19,Silver
1982-10-01,1982,10,9.87,Silver
1982-11-01,1982,11,9.54,Silver
1982-12-01,1982,12,10.87,Silver
1983-01-01,1983,1,13.82,Silver
1983-02-01,1983,2,11.7,Silver
1983-03-01,1983,3,10.5,Silver
1983-04-01,1983,4,11.96,Silver
1983-05-01,1983,5,13.55,Silver
1983-06-01,1983,6,11.6,Silver
1983-07-01,1983,7,12.15,Silver
1983-08-01,1983,8,11.99,Silver
1983-09-01,1983,9,11.24,Silver
1983-10-01,1983,10,8.74,Silver
1983-11-01,1983,11,9.81,Silver
1983-12-01,1983,12,8.91,Silver
1984-01-01,1984,1,8.43,Silver
1984-02-01,1984,2,9.64,Silver
1984-03-01,1984,3,9.65,Silver
1984-04-01,1984,4,8.96,Silver
1984-05-01,1984,5,9.12,Silver
1984-06-01,1984,6,8.39,Silver
1984-07-01,1984,7,7.11,Silver
1984-08-01,1984,8,7.45,Silver
1984-09-01,1984,9,7.44,Silver
1984-10-01,1984,10,7.2,Silver
1984-11-01,1984,11,7.05,Silver
1984-12-01,1984,12,6.29,Silver
1985-01-01,1985,1,6.33,Silver
1985-02-01,1985,2,5.72,Silver
1985-03-01,1985,3,6.66,Silver
1985-04-01,1985,4,6.32,Silver
1985-05-01,1985,5,6.09,Silver
1985-06-01,1985,6,6.11,Silver
1985-07-01,1985,7,6.34,Silver
1985-08-01,1985,8,6.25,Silver
1985-09-01,1985,9,6.05,Silver
1985-10-01,1985,10,6.15,Silver
1985-11-01,1985,11,6.15,Silver
1985-12-01,1985,12,5.8,Silver
1986-01-01,1986,1,6.1,Silver
1986-02-01,1986,2,5.67,Silver
1986-03-01,1986,3,5.62,Silver
1986-04-01,1986,4,5.11,Silver
1986-05-01,1986,5,5.21,Silver
1986-06-01,1986,6,5.05,Silver
1986-07-01,1986,7,5.05,Silver
1986-08-01,1986,8,5.17,Silver
1986-09-01,1986,9,5.52,Silver
1986-10-01,1986,10,5.61,Silver
1986-11-01,1986,11,5.38,Silver
1986-12-01,1986,12,5.28,Silver
1987-01-01,1987,1,5.55,Silver
1987-02-01,1987,2,5.47,Silver
1987-03-01,1987,3,6.31,Silver
1987-04-01,1987,4,8.13,Silver
1987-05-01,1987,5,7.69,Silver
1987-06-01,1987,6,7.14,Silver
1987-07-01,1987,7,8.32,Silver
1987-08-01,1987,8,7.55,Silver
1987-09-01,1987,9,7.64,Silver
1987-10-01,1987,10,6.88,Silver
1987-11-01,1987,11,7.25,Silver
1987-12-01,1987,12,6.7,Silver
1988-01-01,1988,1,6.55,Silver
1988-02-01,1988,2,6.14,Silver
1988-03-01,1988,3,6.75,Silver
1988-04-01,1988,4,6.46,Silver
1988-05-01,1988,5,6.6,Silver
1988-06-01,1988,6,6.65,Silver
1988-07-01,1988,7,6.8,Silver
1988-08-01,1988,8,6.46,Silver
1988-09-01,1988,9,6.17,Silver
1988-10-01,1988,10,6.31,Silver
1988-11-01,1988,11,6.07,Silver
1988-12-01,1988,12,6.05,Silver
1989-01-01,1989,1,5.85,Silver
1989-02-01,1989,2,5.86,Silver
1989-03-01,1989,3,5.77,Silver
1989-04-01,1989,4,5.64,Silver
1989-05-01,1989,5,5.22,Silver
1989-06-01,1989,6,5.17,Silver
1989-07-01,1989,7,5.15,Silver
1989-08-01,1989,8,5.07,Silver
1989-09-01,1989,9,5.28,Silver
1989-10-01,1989,10,5.23,Silver
1989-11-01,1989,11,5.57,Silver
1989-12-01,1989,12,5.22,Silver
1990-01-01,1990,1,5.21,Silver
1990-02-01,1990,2,5.12,Silver
1990-03-01,1990,3,4.97,Silver
1990-04-01,1990,4,4.94,Silver
1990-05-01,1990,5,5.07,Silver
1990-06-01,1990,6,4.84,Silver
1990-07-01,1990,7,4.86,Silver
1990-08-01,1990,8,4.83,Silver
1990-09-01,1990,9,4.8,Silver
1990-10-01,1990,10,4.22,Silver
1990-11-01,1990,11,4.09,Silver
1990-12-01,1990,12,4.19,Silver
1991-01-01,1991,1,3.83,Silver
1991-02-01,1991,2,3.68,Silver
1991-03-01,1991,3,3.84,Silver
1991-04-01,1991,4,3.93,Silver
1991-05-01,1991,5,4.13,Silver
1991-06-01,1991,6,4.45,Silver
1991-07-01,1991,7,4.07,Silver
1991-08-01,1991,8,3.82,Silver
1991-09-01,1991,9,4.14,Silver
1991-10-01,1991,10,4.09,Silver
1991-11-01,1991,11,4.07,Silver
1991-12-01,1991,12,3.86,Silver
1992-01-01,1992,1,4.13,Silver
1992-02-01,1992,2,4.12,Silver
1992-03-01,1992,3,4.12,Silver
1992-04-01,1992,4,3.98,Silver
1992-05-01,1992,5,4.06,Silver
1992-06-01,1992,6,4.03,Silver
1992-07-01,1992,7,3.95,Silver
1992-08-01,1992,8,3.72,Silver
1992-09-01,1992,9,3.77,Silver
1992-10-01,1992,10,3.76,Silver
1992-11-01,1992,11,3.73,Silver
1992-12-01,1992,12,3.67,Silver
1993-01-01,1993,1,3.71,Silver
1993-02-01,1993,2,3.57,Silver
1993-03-01,1993,3,3.89,Silver
1993-04-01,1993,4,4.3,Silver
1993-05-01,1993,5,4.71,Silver
1993-06-01,1993,6,4.58,Silver
1993-07-01,1993,7,5.3,Silver
1993-08-01,1993,8,4.84,Silver
1993-09-01,1993,9,4.03,Silver
1993-10-01,1993,10,4.4,Silver
1993-11-01,1993,11,4.47,Silver
1993-12-01,1993,12,5.12,Silver
1994-01-01,1994,1,5.06,Silver
1994-02-01,1994,2,5.24,Silver
1994-03-01,1994,3,5.74,Silver
1994-04-01,1994,4,5.28,Silver
1994-05-01,1994,5,5.5,Silver
1994-06-01,1994,6,5.25,Silver
1994-07-01,1994,7,5.29,Silver
1994-08-01,1994,8,5.36,Silver
1994-09-01,1994,9,5.62,Silver
1994-10-01,1994,10,5.35,Silver
1994-11-01,1994,11,5.08,Silver
1994-12-01,1994,12,4.85,Silver
1995-01-01,1995,1,4.7,Silver
1995-02-01,1995,2,4.49,Silver
1995-03-01,1995,3,5.16,Silver
1995-04-01,1995,4,5.83,Silver
1995-05-01,1995,5,5.3,Silver
1995-06-01,1995,6,5.33,Silver
1995-07-01,1995,7,5.1,Silver
1995-08-01,1995,8,5.32,Silver
1995-09-01,1995,9,5.53,Silver
1995-10-01,1995,10,5.36,Silver
1995-11-01,1995,11,5.18,Silver
1995-12-01,1995,12,5.14,Silver
1996-01-01,1996,1,5.52,Silver
1996-02-01,1996,2,5.52,Silver
1996-03-01,1996,3,5.52,Silver
1996-04-01,1996,4,5.28,Silver
1996-05-01,1996,5,5.34,Silver
1996-06-01,1996,6,5.03,Silver
1996-07-01,1996,7,5.11,Silver
1996-08-01,1996,8,5.2,Silver
1996-09-01,1996,9,4.88,Silver
1996-10-01,1996,10,4.83,Silver
1996-11-01,1996,11,4.74,Silver
1996-12-01,1996,12,4.8,Silver
1997-01-01,1997,1,4.96,Silver
1997-02-01,1997,2,5.25,Silver
1997-03-01,1997,3,5.13,Silver
1997-04-01,1997,4,4.66,Silver
1997-05-01,1997,5,4.86,Silver
1997-06-01,1997,6,4.72,Silver
1997-07-01,1997,7,4.38,Silver
1997-08-01,1997,8,4.73,Silver
1997-09-01,1997,9,5.17,Silver
1997-10-01,1997,10,4.82,Silver
1997-11-01,1997,11,5.3,Silver
1997-12-01,1997,12,6.0,Silver
1998-01-01,1998,1,6.05,Silver
1998-02-01,1998,2,6.37,Silver
1998-03-01,1998,3,6.35,Silver
1998-04-01,1998,4,6.22,Silver
1998-05-01,1998,5,4.96,Silver
1998-06-01,1998,6,5.36,Silver
1998-07-01,1998,7,5.53,Silver
1998-08-01,1998,8,4.79,Silver
1998-09-01,1998,9,5.39,Silver
1998-10-01,1998,10,5.06,Silver
1998-11-01,1998,11,4.93,Silver
1998-12-01,1998,12,5.01,Silver
1999-01-01,1999,1,5.24,Silver
1999-02-01,1999,2,5.58,Silver
1999-03-01,1999,3,5.03,Silver
1999-04-01,1999,4,5.44,Silver
1999-05-01,1999,5,4.94,Silver
1999-06-01,1999,6,5.22,Silver
1999-07-01,1999,7,5.45,Silver
1999-08-01,1999,8,5.08,Silver
1999-09-01,1999,9,5.58,Silver
1999-10-01,1999,10,5.29,Silver
1999-11-01,1999,11,5.18,Silver
1999-12-01,1999,12,5.33,Silver
2000-01-01,2000,1,5.26,Silver
2000-02-01,2000,2,5.1,Silver
2000-03-01,2000,3,4.94,Silver
2000-04-01,2000,4,4.94,Silver
2000-05-01,2000,5,4.9,Silver
2000-06-01,2000,6,5.02,Silver
2000-07-01,2000,7,4.95,Silver
2000-08-01,2000,8,4.91,Silver
2000-09-01,2000,9,4.89,Silver
2000-10-01,2000,10,4.74,Silver
2000-11-01,2000,11,4.63,Silver
2000-12-01,2000,12,4.58,Silver
2001-01-01,2001,1,4.79,Silver
2001-02-01,2001,2,4.43,Silver
2001-03-01,2001,3,4.33,Silver
2001-04-01,2001,4,4.37,Silver
2001-05-01,2001,5,4.43,Silver
2001-06-01,2001,6,4.34,Silver
2001-07-01,2001,7,4.22,Silver
2001-08-01,2001,8,4.2,Silver
2001-09-01,2001,9,4.59,Silver
2001-10-01,2001,10,4.28,Silver
2001-11-01,2001,11,4.14,Silver
2001-12-01,2001,12,4.52,Silver
2002-01-01,2002,1,4.28,Silver
2002-02-01,2002,2,4.44,Silver
2002-03-01,2002,3,4.68,Silver
2002-04-01,2002,4,4.6,Silver
2002-05-01,2002,5,5.05,Silver
2002-06-01,2002,6,4.87,Silver
2002-07-01,2002,7,4.66,Silver
2002-08-01,2002,8,4.57,Silver
2002-09-01,2002,9,4.53,Silver
2002-10-01,2002,10,4.48,Silver
2002-11-01,2002,11,4.43,Silver
2002-12-01,2002,12,4.67,Silver
2003-01-01,2003,1,4.87,Silver
2003-02-01,2003,2,4.6,Silver
2003-03-01,2003,3,4.46,Silver
2003-04-01,2003,4,4.61,Silver
2003-05-01,2003,5,4.56,Silver
2003-06-01,2003,6,4.51,Silver
2003-07-01,2003,7,5.08,Silver
2003-08-01,2003,8,5.11,Silver
2003-09-01,2003,9,5.12,Silver
2003-10-01,2003,10,5.14,Silver
2003-11-01,2003,11,5.35,Silver
2003-12-01,2003,12,5.97,Silver
2004-01-01,2004,1,6.23,Silver
2004-02-01,2004,2,6.58,Silver
2004-03-01,2004,3,7.83,Silver
2004-04-01,2004,4,5.95,Silver
2004-05-01,2004,5,6.17,Silver
2004-06-01,2004,6,5.91,Silver
2004-07-01,2004,7,6.42,Silver
2004-08-01,2004,8,6.74,Silver
2004-09-01,2004,9,6.67,Silver
2004-10-01,2004,10,7.16,Silver
2004-11-01,2004,11,7.76,Silver
2004-12-01,2004,12,6.82,Silver
2005-01-01,2005,1,6.72,Silver
2005-02-01,2005,2,7.35,Silver
2005-03-01,2005,3,7.19,Silver
2005-04-01,2005,4,6.98,Silver
2005-05-01,2005,5,7.13,Silver
2005-06-01,2005,6,7.1,Silver
2005-07-01,2005,7,7.15,Silver
2005-08-01,2005,8,6.74,Silver
2005-09-01,2005,9,7.53,Silver
2005-10-01,2005,10,7.77,Silver
2005-11-01,2005,11,8.21,Silver
2005-12-01,2005,12,8.83,Silver
2006-01-01,2006,1,9.91,Silver
2006-02-01,2006,2,9.7,Silver
2006-03-01,2006,3,11.76,Silver
2006-04-01,2006,4,12.56,Silver
2006-05-01,2006,5,13.13,Silver
2006-06-01,2006,6,10.7,Silver
2006-07-01,2006,7,11.44,Silver
2006-08-01,2006,8,12.6,Silver
2006-09-01,2006,9,11.55,Silver
2006-10-01,2006,10,12.08,Silver
2006-11-01,2006,11,13.68,Silver
2006-12-01,2006,12,12.9,Silver
2007-01-01,2007,1,13.36,Silver
2007-02-01,2007,2,14.31,Silver
2007-03-01,2007,3,13.35,Silver
2007-04-01,2007,4,13.5,Silver
2007-05-01,2007,5,13.25,Silver
2007-06-01,2007,6,12.54,Silver
2007-07-01,2007,7,12.93,Silver
2007-08-01,2007,8,11.95,Silver
2007-09-01,2007,9,13.65,Silver
2007-10-01,2007,10,14.32,Silver
2007-11-01,2007,11,14.23,Silver
2007-12-01,2007,12,14.76,Silver
2008-01-01,2008,1,16.74,Silver
2008-02-01,2008,2,19.62,Silver
2008-03-01,2008,3,17.99,Silver
2008-04-01,2008,4,16.47,Silver
2008-05-01,2008,5,16.85,Silver
2008-06-01,2008,6,17.65,Silver
2008-07-01,2008,7,17.48,Silver
2008-08-01,2008,8,13.76,Silver
2008-09-01,2008,9,12.96,Silver
2008-10-01,2008,10,9.28,Silver
2008-11-01,2008,11,10.12,Silver
2008-12-01,2008,12,10.79,Silver
2009-01-01,2009,1,12.51,Silver
2009-02-01,2009,2,13.21,Silver
2009-03-01,2009,3,13.11,Silver
2009-04-01,2009,4,12.63,Silver
2009-05-01,2009,5,15.52,Silver
2009-06-01,2009,6,13.94,Silver
2009-07-01,2009,7,13.63,Silver
2009-08-01,2009,8,14.54,Silver
2009-09-01,2009,9,16.45,Silver
2009-10-01,2009,10,16.57,Silver
2009-11-01,2009,11,18.14,Silver
2009-12-01,2009,12,16.99,Silver
2010-01-01,2010,1,16.29,Silver
2010-02-01,2010,2,16.12,Silver
2010-03-01,2010,3,17.5,Silver
2010-04-01,2010,4,18.62,Silver
2010-05-01,2010,5,18.53,Silver
2010-06-01,2010,6,18.74,Silver
2010-07-01,2010,7,17.66,Silver
2010-08-01,2010,8,18.87,Silver
2010-09-01,2010,9,22.07,Silver
2010-10-01,2010,10,23.96,Silver
2010-11-01,2010,11,27.13,Silver
2010-12-01,2010,12,30.63,Silver
2011-01-01,2011,1,27.75,Silver
2011-02-01,2011,2,33.49,Silver
2011-03-01,2011,3,37.87,Silver
2011-04-01,2011,4,48.7,Silver
2011-05-01,2011,5,38.65,Silver
2011-06-01,2011,6,35.02,Silver
2011-07-01,2011,7,39.63,Silver
2011-08-01,2011,8,41.35,Silver
2011-09-01,2011,9,30.45,Silver
2011-10-01,2011,10,34.24,Silver
2011-11-01,2011,11,31.35,Silver
2011-12-01,2011,12,28.18,Silver
2012-01-01,2012,1,33.6,Silver
2012-02-01,2012,2,37.23,Silver
2012-03-01,2012,3,32.43,Silver
2012-04-01,2012,4,31.2,Silver
2012-05-01,2012,5,28.1,Silver
2012-06-01,2012,6,27.08,Silver
2012-07-01,2012,7,28.2,Silver
2012-08-01,2012,8,30.52,Silver
2012-09-01,2012,9,34.65,Silver
2012-10-01,2012,10,32.28,Silver
2012-11-01,2012,11,34.28,Silver
2012-12-01,2012,12,29.95,Silver
2013-01-01,2013,1,32.03,Silver
2013-02-01,2013,2,28.95,Silver
2013-03-01,2013,3,28.64,Silver
2013-04-01,2013,4,24.42,Silver
2013-05-01,2013,5,22.57,Silver
2013-06-01,2013,6,18.86,Silver
2013-07-01,2013,7,19.94,Silver
2013-08-01,2013,8,23.64,Silver
2013-09-01,2013,9,21.68,Silver
2013-10-01,2013,10,22.2,Silver
2013-11-01,2013,11,19.93,Silver
2013-12-01,2013,12,19.5,Silver
2014-01-01,2014,1,19.31,Silver
2014-02-01,2014,2,21.27,Silver
2014-03-01,2014,3,19.97,Silver
2014-04-01,2014,4,19.28,Silver
2014-05-01,2014,5,19.0,Silver
2014-06-01,2014,6,20.87,Silver
2014-07-01,2014,7,20.69,Silver
2014-08-01,2014,8,19.47,Silver
2014-09-01,2014,9,17.11,Silver
2014-10-01,2014,10,16.2,Silver
2014-11-01,2014,11,15.97,Silver
2014-12-01,2014,12,15.97,Silver
2015-01-01,2015,1,16.92,Silver
2015-02-01,2015,2,16.53,Silver
2015-03-01,2015,3,16.6,Silver
2015-04-01,2015,4,16.52,Silver
2015-05-01,2015,5,16.7,Silver
2015-06-01,2015,6,15.58,Silver
2015-07-01,2015,7,14.75,Silver
2015-08-01,2015,8,14.59,Silver
2015-09-01,2015,9,14.52,Silver
2015-10-01,2015,10,15.57,Silver
2015-11-01,2015,11,14.09,Silver
2015-12-01,2015,12,13.8,Silver
2016-01-01,2016,1,14.24,Silver
2016-02-01,2016,2,14.92,Silver
2016-03-01,2016,3,15.46,Silver
2016-04-01,2016,4,17.82,Silver
2016-05-01,2016,5,15.994,Silver
2016-06-01,2016,6,18.623,Silver
2016-07-01,2016,7,20.347,Silver
2016-08-01,2016,8,18.707,Silver
2016-09-01,2016,9,19.214,Silver
2016-10-01,2016,10,17.796,Silver
2016-11-01,2016,11,16.482,Silver
2016-12-01,2016,12,15.989,Silver
2017-01-01,2017,1,17.543,Silver
2017-02-01,2017,2,18.469,Silver
2017-03-01,2017,3,18.256,Silver
2017-04-01,2017,4,17.262,Silver
2017-05-01,2017,5,17.406,Silver
2017-06-01,2017,6,16.627,Silver
2017-07-01,2017,7,16.786,Silver
2017-08-01,2017,8,17.575,Silver
2017-09-01,2017,9,16.676,Silver
2017-10-01,2017,10,16.693,Silver
2017-11-01,2017,11,16.4052,Silver
2017-12-01,2017,12,17.128,Silver
2018-01-01,2018,1,17.241,Silver
2018-02-01,2018,2,16.3904,Silver
2018-03-01,2018,3,16.268,Silver
2018-04-01,2018,4,16.3832,Silver
2018-05-01,2018,5,16.458,Silver
2018-06-01,2018,6,16.1792,Silver
2018-07-01,2018,7,15.559,Silver
2018-08-01,2018,8,14.5332,Silver
2018-09-01,2018,9,14.712,Silver
2018-10-01,2018,10,14.282,Silver
2018-11-01,2018,11,14.1268,Silver
2018-12-01,2018,12,15.5186,Silver
2019-01-01,2019,1,16.072,Silver
2019-02-01,2019,2,15.6148,Silver
2019-03-01,2019,3,15.11,Silver
2019-04-01,2019,4,14.9672,Silver
2019-05-01,2019,5,14.567,Silver
2019-06-01,2019,6,15.3234,Silver
2019-07-01,2019,7,16.405,Silver
2019-08-01,2019,8,18.3106,Silver
2019-09-01,2019,9,16.998,Silver
2019-10-01,2019,10,18.067,Silver
2019-11-01,2019,11,17.0042,Silver
2019-12-01,2019,12,17.9024,Silver
2020-01-01,2020,1,18.012,Silver
2020-02-01,2020,2,16.443,Silver
2020-03-01,2020,3,14.156,Silver
2020-04-01,2020,4,14.958,Silver
2020-05-01,2020,5,18.499,Silver
2020-06-01,2020,6,18.6178,Silver
2020-07-01,2020,7,24.216,Silver
2020-08-01,2020,8,28.5626,Silver
2020-09-01,2020,9,23.494,Silver
2020-10-01,2020,10,23.646,Silver
2020-11-01,2020,11,22.5532,Silver
2020-12-01,2020,12,26.396,Silver
2021-01-01,2021,1,26.914,Silver
2021-02-01,2021,2,26.4324,Silver
2021-03-01,2021,3,24.532,Silver
2021-04-01,2021,4,25.869,Silver
2021-05-01,2021,5,28.014,Silver
2021-06-01,2021,6,26.1882,Silver
2021-07-01,2021,7,25.547,Silver
2021-08-01,2021,8,23.9968,Silver
2021-09-01,2021,9,22.047,Silver
2021-10-01,2021,10,23.949,Silver
2021-11-01,2021,11,22.781,Silver
2021-12-01,2021,12,23.3472,Silver
2022-01-01,2022,1,22.393,Silver
2022-02-01,2022,2,24.365,Silver
2022-03-01,2022,3,25.133,Silver
2022-04-01,2022,4,23.076,Silver
2022-05-01,2022,5,21.688,Silver
2022-06-01,2022,6,20.734,Silver
2022-07-01,2022,7,20.3604,Silver
2022-08-01,2022,8,17.9156,Silver
2022-09-01,2022,9,19.0341,Silver
2022-10-01,2022,10,19.1625,Silver
2022-11-01,2022,11,22.2355,Silver
2022-12-01,2022,12,23.9641,Silver
2023-01-01,2023,1,23.6774,Silver
2023-02-01,2023,2,20.8946,Silver
2023-03-01,2023,3,24.0924,Silver
2023-04-01,2023,4,25.0503,Silver
2023-05-01,2023,5,23.548,Silver
2023-06-01,2023,6,22.7603,Silver
2023-07-01,2023,7,24.7305,Silver
2023-08-01,2023,8,24.4216,Silver
2023-09-01,2023,9,22.1847,Silver
2023-10-01,2023,10,22.8467,Silver
2023-11-01,2023,11,24.9569,Silver
2023-12-01,2023,12,23.7927,Silver
2024-01-01,2024,1,22.9401,Silver
2024-02-01,2024,2,22.6725,Silver
2024-03-01,2024,3,24.9661,Silver
2024-04-01,2024,4,26.2896,Silver
2024-05-01,2024,5,30.4055,Silver
2024-06-01,2024,6,29.1402,Silver
2024-07-01,2024,7,28.3472,Silver
2024-08-01,2024,8,28.8613,Silver
2024-09-01,2024,9,31.77,Silver
2024-10-01,2024,10,32.6625,Silver
2024-11-01,2024,11,30.607,Silver
2024-12-01,2024,12,28.8744,Silver
2025-01-01,2025,1,31.3118,Silver
2025-02-01,2025,2,31.2277,Silver
2025-03-01,2025,3,34.1992,Silver
2025-04-01,2025,4,32.6308,Silver
2025-05-01,2025,5,32.9896,Silver
2025-06-01,2025,6,35.7821,Silver
2025-07-01,2025,7,37.1164,Silver
2025-08-01,2025,8,39.015,Silver
2025-09-01,2025,9,46.861,Silver
2025-10-01,2025,10,48.6932,Silver
2025-11-01,2025,11,56.5422,Silver
2025-12-01,2025,12,71.649,Silver
2026-01-01,2026,1,113.9528,Silver
2026-02-01,2026,2,93.66,Silver
2026-03-01,2026,3,88.36,Silver
2026-04-01,2026,4,88.36,Silver
